Category,Subcategory,Location,Location.ID,Value,Units,Notes
Mode_share,Car_Gasoline,ZMVM,3,95.6,%,"EOD, 2017"
Mode_share,Car_Diesel,ZMVM,3,4.4,%,"EOD, 2017"
Mode_share,Bus_Gasoline,ZMVM,3,0,%,"EOD, 2017"
Mode_share,Bus_Diesel,ZMVM,3,100,%,"EOD, 2017"
Mode_efficiency,Car_Gasoline,ZMVM,3,14.07,Km/l,dummy value
Mode_efficiency,Car_Diesel,ZMVM,3,17.5,Km/l,dummy value
Mode_efficiency,Bus_Gasoline,ZMVM,3,3,Km/l,dummy value
Mode_efficiency,Bus_Diesel,ZMVM,3,4.65,Km/l,dummy value
Density_weight,Gasoline,ZMVM,3,12.27,Kwh/Kg,dummy value
Density_volume,Gasoline,ZMVM,3,0.74,Kg/l,dummy value
Density_weight,Diesel,ZMVM,3,11.91,Kwh/Kg,dummy value
Density_volume,Diesel,ZMVM,3,0.84,Kg/l,dummy value
Carbon_factor,Diesel,ZMVM,3,0.27,KgCo2eq/Kwh,dummy value
Carbon_factor,Gasoline,ZMVM,3,0.25,KgCo2eq/Kwh,dummy value
Trip_split,Work,ZMVM,3,0.39,%,"EOD, 2017"
Trip_split,School,ZMVM,3,0.33,%,"EOD, 2017"
Scenarios,BHLS,ZMVM,3,3.5,%,
Scenarios,BRT,ZMVM,3,10,%,
Scenarios,Parking,ZMVM,3,5.5,%,
Scenarios,Density,ZMVM,3,4,%,
Travel_distance,Work,Centro Historico,1,4.44,km,"EOD, 2017"
Travel_distance,School,Centro Historico,1,4.71,km,"EOD, 2017"
Travel_distance,Work,Buenavista-Reforma,2,5.64,km,"EOD, 2017"
Travel_distance,School,Buenavista-Reforma,2,5.05,km,"EOD, 2017"
Travel_distance,Work,Tlatelolco,3,5.15,km,"EOD, 2017"
Travel_distance,School,Tlatelolco,3,5.14,km,"EOD, 2017"
Travel_distance,Work,Morelos,4,6.11,km,"EOD, 2017"
Travel_distance,School,Morelos,4,5.22,km,"EOD, 2017"
Travel_distance,Work,"Moctezuma, Terminal de Autobuses de Oriente (TAPO)",5,6.78,km,"EOD, 2017"
Travel_distance,School,"Moctezuma, Terminal de Autobuses de Oriente (TAPO)",5,6.47,km,"EOD, 2017"
Travel_distance,Work,Balbuena,6,7.34,km,"EOD, 2017"
Travel_distance,School,Balbuena,6,5.28,km,"EOD, 2017"
Travel_distance,Work,Obrera,7,5.65,km,"EOD, 2017"
Travel_distance,School,Obrera,7,3.79,km,"EOD, 2017"
Travel_distance,Work,Condesa,8,5.24,km,"EOD, 2017"
Travel_distance,School,Condesa,8,6.09,km,"EOD, 2017"
Travel_distance,Work,Napoles,9,5.97,km,"EOD, 2017"
Travel_distance,School,Napoles,9,5.33,km,"EOD, 2017"
Travel_distance,Work,Vertiz Narvarte,10,5.61,km,"EOD, 2017"
Travel_distance,School,Vertiz Narvarte,10,4.57,km,"EOD, 2017"
Travel_distance,Work,Reforma Iztacci­huatl,11,7.23,km,"EOD, 2017"
Travel_distance,School,Reforma Iztacci­huatl,11,5.12,km,"EOD, 2017"
Travel_distance,Work,Palacio de los Deportes,12,6.07,km,"EOD, 2017"
Travel_distance,School,Palacio de los Deportes,12,4.75,km,"EOD, 2017"
Travel_distance,Work,San Andres Tetepilco,13,6.67,km,"EOD, 2017"
Travel_distance,School,San Andres Tetepilco,13,5.75,km,"EOD, 2017"
Travel_distance,Work,Portales,14,5.66,km,"EOD, 2017"
Travel_distance,School,Portales,14,5.87,km,"EOD, 2017"
Travel_distance,Work,Del Valle,15,4.76,km,"EOD, 2017"
Travel_distance,School,Del Valle,15,3.69,km,"EOD, 2017"
Travel_distance,Work,Chapultepec-Polanco,16,3.64,km,"EOD, 2017"
Travel_distance,School,Chapultepec-Polanco,16,5.56,km,"EOD, 2017"
Travel_distance,Work,Panteones,17,6.41,km,"EOD, 2017"
Travel_distance,School,Panteones,17,5.34,km,"EOD, 2017"
Travel_distance,Work,Tezozomoc,18,6.98,km,"EOD, 2017"
Travel_distance,School,Tezozomoc,18,5.03,km,"EOD, 2017"
Travel_distance,Work,El Rosario,19,8.4,km,"EOD, 2017"
Travel_distance,School,El Rosario,19,4.83,km,"EOD, 2017"
Travel_distance,Work,Industrial Vallejo,20,6.93,km,"EOD, 2017"
Travel_distance,School,Industrial Vallejo,20,5.21,km,"EOD, 2017"
Travel_distance,Work,La Raza,21,5.87,km,"EOD, 2017"
Travel_distance,School,La Raza,21,5.51,km,"EOD, 2017"
Travel_distance,Work,Cuautepec,22,10.99,km,"EOD, 2017"
Travel_distance,School,Cuautepec,22,4.3,km,"EOD, 2017"
Travel_distance,Work,Reclusorio Norte,23,10.25,km,"EOD, 2017"
Travel_distance,School,Reclusorio Norte,23,6.24,km,"EOD, 2017"
Travel_distance,Work,Ticoman,24,9.7,km,"EOD, 2017"
Travel_distance,School,Ticoman,24,6.38,km,"EOD, 2017"
Travel_distance,Work,Nueva Industrial Vallejo,25,8.71,km,"EOD, 2017"
Travel_distance,School,Nueva Industrial Vallejo,25,6.08,km,"EOD, 2017"
Travel_distance,Work,"Instituto Politecnico, Terminal de Autobuses del Norte",26,7.36,km,"EOD, 2017"
Travel_distance,School,"Instituto Politecnico, Terminal de Autobuses del Norte",26,5.07,km,"EOD, 2017"
Travel_distance,Work,Tepeyac,27,8.42,km,"EOD, 2017"
Travel_distance,School,Tepeyac,27,6.07,km,"EOD, 2017"
Travel_distance,Work,La Villa,28,8.47,km,"EOD, 2017"
Travel_distance,School,La Villa,28,6.57,km,"EOD, 2017"
Travel_distance,Work,Nueva Atzacoalco,29,8.19,km,"EOD, 2017"
Travel_distance,School,Nueva Atzacoalco,29,7.17,km,"EOD, 2017"
Travel_distance,Work,San Felipe de Jesus,30,8.79,km,"EOD, 2017"
Travel_distance,School,San Felipe de Jesus,30,5.33,km,"EOD, 2017"
Travel_distance,Work,Deportivo los Galeana,31,8.99,km,"EOD, 2017"
Travel_distance,School,Deportivo los Galeana,31,5.16,km,"EOD, 2017"
Travel_distance,Work,Bondojito,32,6.89,km,"EOD, 2017"
Travel_distance,School,Bondojito,32,5.04,km,"EOD, 2017"
Travel_distance,Work,San Juan de Aragon,33,8.56,km,"EOD, 2017"
Travel_distance,School,San Juan de Aragon,33,5.02,km,"EOD, 2017"
Travel_distance,Work,Aeropuerto Internacional de la Ciudad de Mexico,34,5.37,km,"EOD, 2017"
Travel_distance,School,Aeropuerto Internacional de la Ciudad de Mexico,34,18.06,km,"EOD, 2017"
Travel_distance,Work,Pantitlan,35,9.18,km,"EOD, 2017"
Travel_distance,School,Pantitlan,35,7.46,km,"EOD, 2017"
Travel_distance,Work,Zaragoza,36,7.76,km,"EOD, 2017"
Travel_distance,School,Zaragoza,36,6.15,km,"EOD, 2017"
Travel_distance,Work,UPIICSA,37,8.29,km,"EOD, 2017"
Travel_distance,School,UPIICSA,37,7.09,km,"EOD, 2017"
Travel_distance,Work,Central de Abastos,38,7.18,km,"EOD, 2017"
Travel_distance,School,Central de Abastos,38,5.63,km,"EOD, 2017"
Travel_distance,Work,UAM Iztapalapa,39,8.83,km,"EOD, 2017"
Travel_distance,School,UAM Iztapalapa,39,5.87,km,"EOD, 2017"
Travel_distance,Work,Escuadron 201,40,6.44,km,"EOD, 2017"
Travel_distance,School,Escuadron 201,40,6.3,km,"EOD, 2017"
Travel_distance,Work,Parque Cerro de la Estrella,41,9.16,km,"EOD, 2017"
Travel_distance,School,Parque Cerro de la Estrella,41,5.59,km,"EOD, 2017"
Travel_distance,Work,Lomas Estrella,42,9.26,km,"EOD, 2017"
Travel_distance,School,Lomas Estrella,42,5.58,km,"EOD, 2017"
Travel_distance,Work,Canal Nacional,43,10.2,km,"EOD, 2017"
Travel_distance,School,Canal Nacional,43,5.46,km,"EOD, 2017"
Travel_distance,Work,Coapa,44,10.34,km,"EOD, 2017"
Travel_distance,School,Coapa,44,5.37,km,"EOD, 2017"
Travel_distance,Work,Culhuacan CTM,45,8.53,km,"EOD, 2017"
Travel_distance,School,Culhuacan CTM,45,4.85,km,"EOD, 2017"
Travel_distance,Work,"Campestre Churubusco, Terminal de Autobuses Taxquei±a",46,7.63,km,"EOD, 2017"
Travel_distance,School,"Campestre Churubusco, Terminal de Autobuses Taxquei±a",46,4.84,km,"EOD, 2017"
Travel_distance,Work,Viveros,47,6.47,km,"EOD, 2017"
Travel_distance,School,Viveros,47,4.26,km,"EOD, 2017"
Travel_distance,Work,Pedregal de Santo Domingo,48,6.95,km,"EOD, 2017"
Travel_distance,School,Pedregal de Santo Domingo,48,4.44,km,"EOD, 2017"
Travel_distance,Work,Xotepingo,49,6.86,km,"EOD, 2017"
Travel_distance,School,Xotepingo,49,3.63,km,"EOD, 2017"
Travel_distance,Work,Estadio Azteca,50,8.72,km,"EOD, 2017"
Travel_distance,School,Estadio Azteca,50,3.99,km,"EOD, 2017"
Travel_distance,Work,Ciudad Universitaria,51,6.25,km,"EOD, 2017"
Travel_distance,School,Ciudad Universitaria,51,3.15,km,"EOD, 2017"
Travel_distance,Work,Olivar de los Padres-San Jeronimo,52,7.22,km,"EOD, 2017"
Travel_distance,School,Olivar de los Padres-San Jeronimo,52,5.87,km,"EOD, 2017"
Travel_distance,Work,Las Aguilas,53,7.4,km,"EOD, 2017"
Travel_distance,School,Las Aguilas,53,5.37,km,"EOD, 2017"
Travel_distance,Work,Santa Lucia,54,7.43,km,"EOD, 2017"
Travel_distance,School,Santa Lucia,54,5.49,km,"EOD, 2017"
Travel_distance,Work,Molinos,55,6.89,km,"EOD, 2017"
Travel_distance,School,Molinos,55,5.02,km,"EOD, 2017"
Travel_distance,Work,Santa Fe,56,7.6,km,"EOD, 2017"
Travel_distance,School,Santa Fe,56,6.46,km,"EOD, 2017"
Travel_distance,Work,"Observatorio, Terminal de Autobuses Observatorio",57,6.47,km,"EOD, 2017"
Travel_distance,School,"Observatorio, Terminal de Autobuses Observatorio",57,5.12,km,"EOD, 2017"
Travel_distance,Work,Las Lomas,58,4.8,km,"EOD, 2017"
Travel_distance,School,Las Lomas,58,4.95,km,"EOD, 2017"
Travel_distance,Work,Cuajimalpa,59,7.77,km,"EOD, 2017"
Travel_distance,School,Cuajimalpa,59,5.69,km,"EOD, 2017"
Travel_distance,Work,San Lorenzo Acopilco,60,14.61,km,"EOD, 2017"
Travel_distance,School,San Lorenzo Acopilco,60,11,km,"EOD, 2017"
Travel_distance,Work,San Bartolo-San Mateo,61,10.64,km,"EOD, 2017"
Travel_distance,School,San Bartolo-San Mateo,61,8.09,km,"EOD, 2017"
Travel_distance,Work,Cerro del Judi­o,62,12.88,km,"EOD, 2017"
Travel_distance,School,Cerro del Judi­o,62,9.88,km,"EOD, 2017"
Travel_distance,Work,La Magdalena Contreras,63,9.25,km,"EOD, 2017"
Travel_distance,School,La Magdalena Contreras,63,6.72,km,"EOD, 2017"
Travel_distance,Work,Villa Oli­mpica,64,8.3,km,"EOD, 2017"
Travel_distance,School,Villa Oli­mpica,64,5.2,km,"EOD, 2017"
Travel_distance,Work,Padierna,65,11.14,km,"EOD, 2017"
Travel_distance,School,Padierna,65,6.61,km,"EOD, 2017"
Travel_distance,Work,San Pedro Martir,66,9.27,km,"EOD, 2017"
Travel_distance,School,San Pedro Martir,66,6.01,km,"EOD, 2017"
Travel_distance,Work,Pueblo del Ajusco,67,16.49,km,"EOD, 2017"
Travel_distance,School,Pueblo del Ajusco,67,10.95,km,"EOD, 2017"
Travel_distance,Work,Tepepan,68,10.05,km,"EOD, 2017"
Travel_distance,School,Tepepan,68,8.87,km,"EOD, 2017"
Travel_distance,Work,Noria,69,9.11,km,"EOD, 2017"
Travel_distance,School,Noria,69,6.06,km,"EOD, 2017"
Travel_distance,Work,Nativitas,70,13.48,km,"EOD, 2017"
Travel_distance,School,Nativitas,70,8.62,km,"EOD, 2017"
Travel_distance,Work,Milpa Alta,71,15.78,km,"EOD, 2017"
Travel_distance,School,Milpa Alta,71,11.82,km,"EOD, 2017"
Travel_distance,Work,Tulyehualco,72,10.58,km,"EOD, 2017"
Travel_distance,School,Tulyehualco,72,8.34,km,"EOD, 2017"
Travel_distance,Work,El Molino Tezonco,73,11.2,km,"EOD, 2017"
Travel_distance,School,El Molino Tezonco,73,6.71,km,"EOD, 2017"
Travel_distance,Work,Tlahuac,74,10.74,km,"EOD, 2017"
Travel_distance,School,Tlahuac,74,6.68,km,"EOD, 2017"
Travel_distance,Work,Mixquic,75,14.03,km,"EOD, 2017"
Travel_distance,School,Mixquic,75,10.44,km,"EOD, 2017"
Travel_distance,Work,Santa Catarina,76,11.14,km,"EOD, 2017"
Travel_distance,School,Santa Catarina,76,8.87,km,"EOD, 2017"
Travel_distance,Work,Reclusorio Oriente,77,10.69,km,"EOD, 2017"
Travel_distance,School,Reclusorio Oriente,77,5.99,km,"EOD, 2017"
Travel_distance,Work,Desarrollo Urbano Quetzalcoatl,78,9.99,km,"EOD, 2017"
Travel_distance,School,Desarrollo Urbano Quetzalcoatl,78,5.07,km,"EOD, 2017"
Travel_distance,Work,Buenavista Iztapalapa,79,10.33,km,"EOD, 2017"
Travel_distance,School,Buenavista Iztapalapa,79,6.08,km,"EOD, 2017"
Travel_distance,Work,Santa Mari­a de Xalpa,80,13.39,km,"EOD, 2017"
Travel_distance,School,Santa Mari­a de Xalpa,80,8.12,km,"EOD, 2017"
Travel_distance,Work,San Miguel Teotongo,81,14.68,km,"EOD, 2017"
Travel_distance,School,San Miguel Teotongo,81,7.42,km,"EOD, 2017"
Travel_distance,Work,Santa Martha Acatitla,82,11.85,km,"EOD, 2017"
Travel_distance,School,Santa Martha Acatitla,82,7.63,km,"EOD, 2017"
Travel_distance,Work,Juan Escutia,83,10.83,km,"EOD, 2017"
Travel_distance,School,Juan Escutia,83,7,km,"EOD, 2017"
Travel_distance,Work,Santa Cruz Meyehualco,84,8.13,km,"EOD, 2017"
Travel_distance,School,Santa Cruz Meyehualco,84,5.55,km,"EOD, 2017"
Travel_distance,Work,Ejercito Constitucionalista,85,9.01,km,"EOD, 2017"
Travel_distance,School,Ejercito Constitucionalista,85,5.34,km,"EOD, 2017"
Travel_distance,Work,Localidades Poniente Chamapa-Lecheri­a,100,12.86,km,"EOD, 2017"
Travel_distance,School,Localidades Poniente Chamapa-Lecheri­a,100,8.95,km,"EOD, 2017"
Travel_distance,Work,CC Interlomas-Lomas de Tecamachalco,101,6.52,km,"EOD, 2017"
Travel_distance,School,CC Interlomas-Lomas de Tecamachalco,101,4.74,km,"EOD, 2017"
Travel_distance,Work,Club de Golf Lomas-Campo Militar Naucalpan,102,5.11,km,"EOD, 2017"
Travel_distance,School,Club de Golf Lomas-Campo Militar Naucalpan,102,4.47,km,"EOD, 2017"
Travel_distance,Work,San Jose de los Leones,103,7.41,km,"EOD, 2017"
Travel_distance,School,San Jose de los Leones,103,4.01,km,"EOD, 2017"
Travel_distance,Work,San Rafael Chamapa,104,8.22,km,"EOD, 2017"
Travel_distance,School,San Rafael Chamapa,104,6.21,km,"EOD, 2017"
Travel_distance,Work,Fraccionamiento Industrial Naucalpan Poniente,105,7,km,"EOD, 2017"
Travel_distance,School,Fraccionamiento Industrial Naucalpan Poniente,105,4.67,km,"EOD, 2017"
Travel_distance,Work,Naucalpan de Juarez -Centro y Lomas,106,5.86,km,"EOD, 2017"
Travel_distance,School,Naucalpan de Juarez -Centro y Lomas,106,3.65,km,"EOD, 2017"
Travel_distance,Work,Las Huertas,107,7.46,km,"EOD, 2017"
Travel_distance,School,Las Huertas,107,6.06,km,"EOD, 2017"
Travel_distance,Work,CC Lomas Verdes-Cerro de Moctezuma,108,8.17,km,"EOD, 2017"
Travel_distance,School,CC Lomas Verdes-Cerro de Moctezuma,108,5.72,km,"EOD, 2017"
Travel_distance,Work,Cd Satelite Poniente,109,7.73,km,"EOD, 2017"
Travel_distance,School,Cd Satelite Poniente,109,5.93,km,"EOD, 2017"
Travel_distance,Work,CC Cd Satelite-Industrial Alce Blanco,110,6.44,km,"EOD, 2017"
Travel_distance,School,CC Cd Satelite-Industrial Alce Blanco,110,6.13,km,"EOD, 2017"
Travel_distance,Work,Condados de Atizapan-Mexico Nuevo,111,11.24,km,"EOD, 2017"
Travel_distance,School,Condados de Atizapan-Mexico Nuevo,111,6.13,km,"EOD, 2017"
Travel_distance,Work,Periferico Barrientos-Mundo E,112,9.4,km,"EOD, 2017"
Travel_distance,School,Periferico Barrientos-Mundo E,112,5.74,km,"EOD, 2017"
Travel_distance,Work,Zonas Industriales Tlalnepantla,113,7.28,km,"EOD, 2017"
Travel_distance,School,Zonas Industriales Tlalnepantla,113,4.51,km,"EOD, 2017"
Travel_distance,Work,Zona Industrial Tabla Honda y San Pablo Xalpa,114,9,km,"EOD, 2017"
Travel_distance,School,Zona Industrial Tabla Honda y San Pablo Xalpa,114,4.29,km,"EOD, 2017"
Travel_distance,Work,Fraccionamiento Industrial Barrientos,115,7.27,km,"EOD, 2017"
Travel_distance,School,Fraccionamiento Industrial Barrientos,115,3.87,km,"EOD, 2017"
Travel_distance,Work,Club de Golf Hacienda,116,7.47,km,"EOD, 2017"
Travel_distance,School,Club de Golf Hacienda,116,4.74,km,"EOD, 2017"
Travel_distance,Work,U.H. Adolfo Lopez Mateos-Central de Abastos Atizapan,117,9.86,km,"EOD, 2017"
Travel_distance,School,U.H. Adolfo Lopez Mateos-Central de Abastos Atizapan,117,5.78,km,"EOD, 2017"
Travel_distance,Work,Emiliano Zapata-Lomas de San Miguel,118,10.04,km,"EOD, 2017"
Travel_distance,School,Emiliano Zapata-Lomas de San Miguel,118,5.33,km,"EOD, 2017"
Travel_distance,Work,Vista Hermosa,119,11.38,km,"EOD, 2017"
Travel_distance,School,Vista Hermosa,119,6.3,km,"EOD, 2017"
Travel_distance,Work,Villa Nicolas Romero,120,13.64,km,"EOD, 2017"
Travel_distance,School,Villa Nicolas Romero,120,6.51,km,"EOD, 2017"
Travel_distance,Work,Cahuacan-Himno Nacional,121,14.43,km,"EOD, 2017"
Travel_distance,School,Cahuacan-Himno Nacional,121,5.55,km,"EOD, 2017"
Travel_distance,Work,Tepotzotlan-Villa del Carbon,122,15.61,km,"EOD, 2017"
Travel_distance,School,Tepotzotlan-Villa del Carbon,122,9.18,km,"EOD, 2017"
Travel_distance,Work,Lago de Guadalupe,123,12.42,km,"EOD, 2017"
Travel_distance,School,Lago de Guadalupe,123,6.8,km,"EOD, 2017"
Travel_distance,Work,Industrial Cuamatla-San Francisco Tepojaco,124,10.82,km,"EOD, 2017"
Travel_distance,School,Industrial Cuamatla-San Francisco Tepojaco,124,5.71,km,"EOD, 2017"
Travel_distance,Work,Industrial Tres Ri­os-INFONAVIT Norte,125,11.64,km,"EOD, 2017"
Travel_distance,School,Industrial Tres Ri­os-INFONAVIT Norte,125,9.13,km,"EOD, 2017"
Travel_distance,Work,Centro Urbano-CC Cuautitlan Izcalli,126,10.19,km,"EOD, 2017"
Travel_distance,School,Centro Urbano-CC Cuautitlan Izcalli,126,9.18,km,"EOD, 2017"
Travel_distance,Work,San Marti­n Obispo,127,10.33,km,"EOD, 2017"
Travel_distance,School,San Marti­n Obispo,127,5.45,km,"EOD, 2017"
Travel_distance,Work,La Quebrada-Parques Industriales,128,11.33,km,"EOD, 2017"
Travel_distance,School,La Quebrada-Parques Industriales,128,10.47,km,"EOD, 2017"
Travel_distance,Work,Industrial Sin Nombre-Buenavista 2a Secc,129,10.6,km,"EOD, 2017"
Travel_distance,School,Industrial Sin Nombre-Buenavista 2a Secc,129,6.69,km,"EOD, 2017"
Travel_distance,Work,Tultitlan -centro-,130,9.82,km,"EOD, 2017"
Travel_distance,School,Tultitlan -centro-,130,8.62,km,"EOD, 2017"
Travel_distance,Work,Melchor Ocampo-Joyas de Cuautitlan,131,14.33,km,"EOD, 2017"
Travel_distance,School,Melchor Ocampo-Joyas de Cuautitlan,131,9.91,km,"EOD, 2017"
Travel_distance,Work,Coyotepec-Teoloyucan,132,11.68,km,"EOD, 2017"
Travel_distance,School,Coyotepec-Teoloyucan,132,8.66,km,"EOD, 2017"
Travel_distance,Work,Huehuetoca,133,17.53,km,"EOD, 2017"
Travel_distance,School,Huehuetoca,133,9.03,km,"EOD, 2017"
Travel_distance,Work,Tequixquiac-Apaxco,134,9.13,km,"EOD, 2017"
Travel_distance,School,Tequixquiac-Apaxco,134,7.17,km,"EOD, 2017"
Travel_distance,Work,Zumpango,135,13.83,km,"EOD, 2017"
Travel_distance,School,Zumpango,135,6.33,km,"EOD, 2017"
Travel_distance,Work,Tultepec - cabecera-,136,13,km,"EOD, 2017"
Travel_distance,School,Tultepec - cabecera-,136,6.59,km,"EOD, 2017"
Travel_distance,Work,Central de Abastos Tultitlan-Santiago Teyahualco,137,13.27,km,"EOD, 2017"
Travel_distance,School,Central de Abastos Tultitlan-Santiago Teyahualco,137,7.7,km,"EOD, 2017"
Travel_distance,Work,Chilpan-Buenavista Tultitlan,138,10.29,km,"EOD, 2017"
Travel_distance,School,Chilpan-Buenavista Tultitlan,138,7.02,km,"EOD, 2017"
Travel_distance,Work,TAD San Juan Ixhuatepec,139,10.93,km,"EOD, 2017"
Travel_distance,School,TAD San Juan Ixhuatepec,139,5.87,km,"EOD, 2017"
Travel_distance,Work,Lazaro Cardenas-Lomas de Tepeolulco,140,9.76,km,"EOD, 2017"
Travel_distance,School,Lazaro Cardenas-Lomas de Tepeolulco,140,6.2,km,"EOD, 2017"
Travel_distance,Work,Coacalco -cabecera-,141,14.28,km,"EOD, 2017"
Travel_distance,School,Coacalco -cabecera-,141,4.42,km,"EOD, 2017"
Travel_distance,Work,Villa de las Flores-Heroes Coacalco,142,14.78,km,"EOD, 2017"
Travel_distance,School,Villa de las Flores-Heroes Coacalco,142,7.6,km,"EOD, 2017"
Travel_distance,Work,Potrero-La Laguna,143,14.62,km,"EOD, 2017"
Travel_distance,School,Potrero-La Laguna,143,4.77,km,"EOD, 2017"
Travel_distance,Work,Pueblo San Pablo de las Salinas,144,15.92,km,"EOD, 2017"
Travel_distance,School,Pueblo San Pablo de las Salinas,144,8.79,km,"EOD, 2017"
Travel_distance,Work,U.H. de San Pablo de las Salinas,145,18.03,km,"EOD, 2017"
Travel_distance,School,U.H. de San Pablo de las Salinas,145,5.91,km,"EOD, 2017"
Travel_distance,Work,Guadalupe Victoria-Recursos Hidraulicos,146,12.89,km,"EOD, 2017"
Travel_distance,School,Guadalupe Victoria-Recursos Hidraulicos,146,6.06,km,"EOD, 2017"
Travel_distance,Work,San Cristobal Ecatepec,147,14.14,km,"EOD, 2017"
Travel_distance,School,San Cristobal Ecatepec,147,5.85,km,"EOD, 2017"
Travel_distance,Work,La Presa-Tulpetlac,148,11.73,km,"EOD, 2017"
Travel_distance,School,La Presa-Tulpetlac,148,4.96,km,"EOD, 2017"
Travel_distance,Work,Teleferico Ecatepec,149,10.72,km,"EOD, 2017"
Travel_distance,School,Teleferico Ecatepec,149,5.07,km,"EOD, 2017"
Travel_distance,Work,Parques Industriales Ecatepec,150,8.93,km,"EOD, 2017"
Travel_distance,School,Parques Industriales Ecatepec,150,7.88,km,"EOD, 2017"
Travel_distance,Work,Villa de Guadalupe Xalostoc,151,10.28,km,"EOD, 2017"
Travel_distance,School,Villa de Guadalupe Xalostoc,151,5.94,km,"EOD, 2017"
Travel_distance,Work,Valle de Aragon,152,10.19,km,"EOD, 2017"
Travel_distance,School,Valle de Aragon,152,7.24,km,"EOD, 2017"
Travel_distance,Work,Bosques de Aragon,153,11.24,km,"EOD, 2017"
Travel_distance,School,Bosques de Aragon,153,6.75,km,"EOD, 2017"
Travel_distance,Work,Granjas Independencia,154,12.12,km,"EOD, 2017"
Travel_distance,School,Granjas Independencia,154,6.99,km,"EOD, 2017"
Travel_distance,Work,Valle de Aragon 3ra Secc,155,10.57,km,"EOD, 2017"
Travel_distance,School,Valle de Aragon 3ra Secc,155,7.89,km,"EOD, 2017"
Travel_distance,Work,CC Center Plazas-Nueva Aragon,156,12.54,km,"EOD, 2017"
Travel_distance,School,CC Center Plazas-Nueva Aragon,156,7.68,km,"EOD, 2017"
Travel_distance,Work,Heroes de la Independencia-San Agusti­n,157,11.53,km,"EOD, 2017"
Travel_distance,School,Heroes de la Independencia-San Agusti­n,157,6.87,km,"EOD, 2017"
Travel_distance,Work,La Costena-Oli­mpica Jajalpa,158,12.7,km,"EOD, 2017"
Travel_distance,School,La Costena-Oli­mpica Jajalpa,158,7.7,km,"EOD, 2017"
Travel_distance,Work,Jardines de Santa Clara-Super Plaza Ecatepec,159,13.84,km,"EOD, 2017"
Travel_distance,School,Jardines de Santa Clara-Super Plaza Ecatepec,159,7.72,km,"EOD, 2017"
Travel_distance,Work,Multiplaza Aragon-Cd Azteca,160,11.7,km,"EOD, 2017"
Travel_distance,School,Multiplaza Aragon-Cd Azteca,160,8.73,km,"EOD, 2017"
Travel_distance,Work,Jardines de Morelos,161,15.36,km,"EOD, 2017"
Travel_distance,School,Jardines de Morelos,161,8.7,km,"EOD, 2017"
Travel_distance,Work,Central de Abastos Ecatepec,162,14.62,km,"EOD, 2017"
Travel_distance,School,Central de Abastos Ecatepec,162,7.29,km,"EOD, 2017"
Travel_distance,Work,Heroes Tecamac y Ecatepec,163,18.61,km,"EOD, 2017"
Travel_distance,School,Heroes Tecamac y Ecatepec,163,10.86,km,"EOD, 2017"
Travel_distance,Work,Los Heroes Tecamac -Bosques y Jardines-,164,19.5,km,"EOD, 2017"
Travel_distance,School,Los Heroes Tecamac -Bosques y Jardines-,164,9.49,km,"EOD, 2017"
Travel_distance,Work,Ojo de Agua,165,16.55,km,"EOD, 2017"
Travel_distance,School,Ojo de Agua,165,9.82,km,"EOD, 2017"
Travel_distance,Work,Base Aerea Santa Lucia-Cuautlalpan,166,13.75,km,"EOD, 2017"
Travel_distance,School,Base Aerea Santa Lucia-Cuautlalpan,166,4.81,km,"EOD, 2017"
Travel_distance,Work,Tecamac -cabecera-,167,19.72,km,"EOD, 2017"
Travel_distance,School,Tecamac -cabecera-,167,5.4,km,"EOD, 2017"
Travel_distance,Work,Ciudad Cuauhtemoc,168,16.47,km,"EOD, 2017"
Travel_distance,School,Ciudad Cuauhtemoc,168,7.01,km,"EOD, 2017"
Travel_distance,Work,Termoelectrica del Valle de Mexico,169,14.16,km,"EOD, 2017"
Travel_distance,School,Termoelectrica del Valle de Mexico,169,6.9,km,"EOD, 2017"
Travel_distance,Work,San Salvador Atenco-Peaje Piramides,170,12.16,km,"EOD, 2017"
Travel_distance,School,San Salvador Atenco-Peaje Piramides,170,9.1,km,"EOD, 2017"
Travel_distance,Work,Carretera Piramides-Tulancingo,171,14.14,km,"EOD, 2017"
Travel_distance,School,Carretera Piramides-Tulancingo,171,8.59,km,"EOD, 2017"
Travel_distance,Work,Texcoco Norte-Tepexpan,172,12.6,km,"EOD, 2017"
Travel_distance,School,Texcoco Norte-Tepexpan,172,7.62,km,"EOD, 2017"
Travel_distance,Work,Nuevo AICM,173,11.15,km,"EOD, 2017"
Travel_distance,School,Nuevo AICM,173,7.43,km,"EOD, 2017"
Travel_distance,Work,Texcoco Centro-Chapingo,174,8.28,km,"EOD, 2017"
Travel_distance,School,Texcoco Centro-Chapingo,174,6.32,km,"EOD, 2017"
Travel_distance,Work,San Miguel Tlaixpan,175,17.67,km,"EOD, 2017"
Travel_distance,School,San Miguel Tlaixpan,175,11.37,km,"EOD, 2017"
Travel_distance,Work,El Sol,176,10.53,km,"EOD, 2017"
Travel_distance,School,El Sol,176,5.6,km,"EOD, 2017"
Travel_distance,Work,Juarez Pantitlan-Mercado de Carne,177,9.72,km,"EOD, 2017"
Travel_distance,School,Juarez Pantitlan-Mercado de Carne,177,6.31,km,"EOD, 2017"
Travel_distance,Work,Mercado Pirules,178,9.19,km,"EOD, 2017"
Travel_distance,School,Mercado Pirules,178,6.31,km,"EOD, 2017"
Travel_distance,Work,Ayuntamiento de Nezahualcoyotl,179,11.73,km,"EOD, 2017"
Travel_distance,School,Ayuntamiento de Nezahualcoyotl,179,6.16,km,"EOD, 2017"
Travel_distance,Work,Benito Juarez,180,10.42,km,"EOD, 2017"
Travel_distance,School,Benito Juarez,180,7.34,km,"EOD, 2017"
Travel_distance,Work,Metropolitana,181,11.07,km,"EOD, 2017"
Travel_distance,School,Metropolitana,181,5.69,km,"EOD, 2017"
Travel_distance,Work,La Perla,182,11.94,km,"EOD, 2017"
Travel_distance,School,La Perla,182,5.2,km,"EOD, 2017"
Travel_distance,Work,CC Plaza Neza,183,10.61,km,"EOD, 2017"
Travel_distance,School,CC Plaza Neza,183,4.46,km,"EOD, 2017"
Travel_distance,Work,Parque Industrial Izcalli,184,13.13,km,"EOD, 2017"
Travel_distance,School,Parque Industrial Izcalli,184,8.19,km,"EOD, 2017"
Travel_distance,Work,San Lorenzo-Xochitenco,185,14.47,km,"EOD, 2017"
Travel_distance,School,San Lorenzo-Xochitenco,185,7.26,km,"EOD, 2017"
Travel_distance,Work,CC Patio Chimalhuacan-Barrio La Rosita,186,14.56,km,"EOD, 2017"
Travel_distance,School,CC Patio Chimalhuacan-Barrio La Rosita,186,7.36,km,"EOD, 2017"
Travel_distance,Work,Barrio Labradores-Jardines Acuitlapilco,187,16.06,km,"EOD, 2017"
Travel_distance,School,Barrio Labradores-Jardines Acuitlapilco,187,4,km,"EOD, 2017"
Travel_distance,Work,Talladores-Central de Abastos Chicoloapan,188,15.41,km,"EOD, 2017"
Travel_distance,School,Talladores-Central de Abastos Chicoloapan,188,6.04,km,"EOD, 2017"
Travel_distance,Work,Chicoloapan de Juarez,189,18.92,km,"EOD, 2017"
Travel_distance,School,Chicoloapan de Juarez,189,7.31,km,"EOD, 2017"
Travel_distance,Work,Santa Mari­a Nativitas,190,15.1,km,"EOD, 2017"
Travel_distance,School,Santa Mari­a Nativitas,190,5.41,km,"EOD, 2017"
Travel_distance,Work,Lomas de Buena Vista-Sta Rosa,191,20.15,km,"EOD, 2017"
Travel_distance,School,Lomas de Buena Vista-Sta Rosa,191,7.8,km,"EOD, 2017"
Travel_distance,Work,Valle de los Reyes,192,14.05,km,"EOD, 2017"
Travel_distance,School,Valle de los Reyes,192,7.4,km,"EOD, 2017"
Travel_distance,Work,Metro La Paz-Los Reyes,193,17.86,km,"EOD, 2017"
Travel_distance,School,Metro La Paz-Los Reyes,193,6.65,km,"EOD, 2017"
Travel_distance,Work,CEDIS San Gregorio-Cerro El Elefante,194,14.85,km,"EOD, 2017"
Travel_distance,School,CEDIS San Gregorio-Cerro El Elefante,194,6.39,km,"EOD, 2017"
Travel_distance,Work,Geovillas de Ayotla-Union Antorchista,195,17.83,km,"EOD, 2017"
Travel_distance,School,Geovillas de Ayotla-Union Antorchista,195,10.35,km,"EOD, 2017"
Travel_distance,Work,Ixtapaluca centro-Acozac,196,16.14,km,"EOD, 2017"
Travel_distance,School,Ixtapaluca centro-Acozac,196,5.53,km,"EOD, 2017"
Travel_distance,Work,Pueblos de Ixtapaluca,197,27.62,km,"EOD, 2017"
Travel_distance,School,Pueblos de Ixtapaluca,197,12.27,km,"EOD, 2017"
Travel_distance,Work,CC Sendero y Galeri­as Ixtapaluca,198,17.75,km,"EOD, 2017"
Travel_distance,School,CC Sendero y Galeri­as Ixtapaluca,198,11.08,km,"EOD, 2017"
Travel_distance,Work,CC Sendero Valle de Chalco-Santiago,199,17.6,km,"EOD, 2017"
Travel_distance,School,CC Sendero Valle de Chalco-Santiago,199,3.52,km,"EOD, 2017"
Travel_distance,Work,Alfredo Baranda,200,19.05,km,"EOD, 2017"
Travel_distance,School,Alfredo Baranda,200,7.22,km,"EOD, 2017"
Travel_distance,Work,Xico,201,18.45,km,"EOD, 2017"
Travel_distance,School,Xico,201,5.11,km,"EOD, 2017"
Travel_distance,Work,San Miguel Jacalones,202,20.79,km,"EOD, 2017"
Travel_distance,School,San Miguel Jacalones,202,9.02,km,"EOD, 2017"
Travel_distance,Work,Chalco de Di­az Covarrubias,203,17.39,km,"EOD, 2017"
Travel_distance,School,Chalco de Di­az Covarrubias,203,7.97,km,"EOD, 2017"
Travel_distance,Work,San Marti­n Cuautlalpan,204,21.19,km,"EOD, 2017"
Travel_distance,School,San Marti­n Cuautlalpan,204,10.42,km,"EOD, 2017"
Travel_distance,Work,San Gregorio-Tlalmanalco,205,22.08,km,"EOD, 2017"
Travel_distance,School,San Gregorio-Tlalmanalco,205,8.67,km,"EOD, 2017"
Travel_distance,Work,Industrial Chalco-Tenango del Aire,206,20.6,km,"EOD, 2017"
Travel_distance,School,Industrial Chalco-Tenango del Aire,206,9.46,km,"EOD, 2017"
Travel_distance,Work,Tramo Amecameca-Cuautla,207,9.25,km,"EOD, 2017"
Travel_distance,School,Tramo Amecameca-Cuautla,207,4.64,km,"EOD, 2017"
Travel_distance,Work,Tizayuca,300,18.68,km,"EOD, 2017"
Travel_distance,School,Tizayuca,300,5.51,km,"EOD, 2017"
Trip_rates,Pop,Centro Historico,1,2.2,per person,"EOD, 2017"
Trip_rates,Jobs,Centro Historico,1,1.8,per person,"EOD, 2017"
Trip_rates,Pop,Buenavista-Reforma,2,2.2,per person,"EOD, 2017"
Trip_rates,Jobs,Buenavista-Reforma,2,1.8,per person,"EOD, 2017"
Trip_rates,Pop,Tlatelolco,3,2.2,per person,"EOD, 2017"
Trip_rates,Jobs,Tlatelolco,3,1.8,per person,"EOD, 2017"
Trip_rates,Pop,Morelos,4,2.2,per person,"EOD, 2017"
Trip_rates,Jobs,Morelos,4,1.8,per person,"EOD, 2017"
Trip_rates,Pop,"Moctezuma, Terminal de Autobuses de Oriente (TAPO)",5,2.2,per person,"EOD, 2017"
Trip_rates,Jobs,"Moctezuma, Terminal de Autobuses de Oriente (TAPO)",5,1.8,per person,"EOD, 2017"
Trip_rates,Pop,Balbuena,6,2.2,per person,"EOD, 2017"
Trip_rates,Jobs,Balbuena,6,1.8,per person,"EOD, 2017"
Trip_rates,Pop,Obrera,7,2.2,per person,"EOD, 2017"
Trip_rates,Jobs,Obrera,7,1.8,per person,"EOD, 2017"
Trip_rates,Pop,Condesa,8,2.2,per person,"EOD, 2017"
Trip_rates,Jobs,Condesa,8,1.8,per person,"EOD, 2017"
Trip_rates,Pop,Napoles,9,2.2,per person,"EOD, 2017"
Trip_rates,Jobs,Napoles,9,1.8,per person,"EOD, 2017"
Trip_rates,Pop,Vertiz Narvarte,10,2.2,per person,"EOD, 2017"
Trip_rates,Jobs,Vertiz Narvarte,10,1.8,per person,"EOD, 2017"
Trip_rates,Pop,Reforma Iztacci­huatl,11,2.2,per person,"EOD, 2017"
Trip_rates,Jobs,Reforma Iztacci­huatl,11,1.8,per person,"EOD, 2017"
Trip_rates,Pop,Palacio de los Deportes,12,2.2,per person,"EOD, 2017"
Trip_rates,Jobs,Palacio de los Deportes,12,1.8,per person,"EOD, 2017"
Trip_rates,Pop,San Andres Tetepilco,13,2.2,per person,"EOD, 2017"
Trip_rates,Jobs,San Andres Tetepilco,13,1.8,per person,"EOD, 2017"
Trip_rates,Pop,Portales,14,2.2,per person,"EOD, 2017"
Trip_rates,Jobs,Portales,14,1.8,per person,"EOD, 2017"
Trip_rates,Pop,Del Valle,15,2.2,per person,"EOD, 2017"
Trip_rates,Jobs,Del Valle,15,1.8,per person,"EOD, 2017"
Trip_rates,Pop,Chapultepec-Polanco,16,2.2,per person,"EOD, 2017"
Trip_rates,Jobs,Chapultepec-Polanco,16,1.8,per person,"EOD, 2017"
Trip_rates,Pop,Panteones,17,2.2,per person,"EOD, 2017"
Trip_rates,Jobs,Panteones,17,1.8,per person,"EOD, 2017"
Trip_rates,Pop,Tezozomoc,18,2.2,per person,"EOD, 2017"
Trip_rates,Jobs,Tezozomoc,18,1.8,per person,"EOD, 2017"
Trip_rates,Pop,El Rosario,19,2.2,per person,"EOD, 2017"
Trip_rates,Jobs,El Rosario,19,1.8,per person,"EOD, 2017"
Trip_rates,Pop,Industrial Vallejo,20,2.2,per person,"EOD, 2017"
Trip_rates,Jobs,Industrial Vallejo,20,1.8,per person,"EOD, 2017"
Trip_rates,Pop,La Raza,21,2.2,per person,"EOD, 2017"
Trip_rates,Jobs,La Raza,21,1.8,per person,"EOD, 2017"
Trip_rates,Pop,Cuautepec,22,2.2,per person,"EOD, 2017"
Trip_rates,Jobs,Cuautepec,22,1.8,per person,"EOD, 2017"
Trip_rates,Pop,Reclusorio Norte,23,2.2,per person,"EOD, 2017"
Trip_rates,Jobs,Reclusorio Norte,23,1.8,per person,"EOD, 2017"
Trip_rates,Pop,Ticoman,24,2.2,per person,"EOD, 2017"
Trip_rates,Jobs,Ticoman,24,1.8,per person,"EOD, 2017"
Trip_rates,Pop,Nueva Industrial Vallejo,25,2.2,per person,"EOD, 2017"
Trip_rates,Jobs,Nueva Industrial Vallejo,25,1.8,per person,"EOD, 2017"
Trip_rates,Pop,"Instituto Politecnico, Terminal de Autobuses del Norte",26,2.2,per person,"EOD, 2017"
Trip_rates,Jobs,"Instituto Politecnico, Terminal de Autobuses del Norte",26,1.8,per person,"EOD, 2017"
Trip_rates,Pop,Tepeyac,27,2.2,per person,"EOD, 2017"
Trip_rates,Jobs,Tepeyac,27,1.8,per person,"EOD, 2017"
Trip_rates,Pop,La Villa,28,2.2,per person,"EOD, 2017"
Trip_rates,Jobs,La Villa,28,1.8,per person,"EOD, 2017"
Trip_rates,Pop,Nueva Atzacoalco,29,2.2,per person,"EOD, 2017"
Trip_rates,Jobs,Nueva Atzacoalco,29,1.8,per person,"EOD, 2017"
Trip_rates,Pop,San Felipe de Jesus,30,2.2,per person,"EOD, 2017"
Trip_rates,Jobs,San Felipe de Jesus,30,1.8,per person,"EOD, 2017"
Trip_rates,Pop,Deportivo los Galeana,31,2.2,per person,"EOD, 2017"
Trip_rates,Jobs,Deportivo los Galeana,31,1.8,per person,"EOD, 2017"
Trip_rates,Pop,Bondojito,32,2.2,per person,"EOD, 2017"
Trip_rates,Jobs,Bondojito,32,1.8,per person,"EOD, 2017"
Trip_rates,Pop,San Juan de Aragon,33,2.2,per person,"EOD, 2017"
Trip_rates,Jobs,San Juan de Aragon,33,1.8,per person,"EOD, 2017"
Trip_rates,Pop,Aeropuerto Internacional de la Ciudad de Mexico,34,2.2,per person,"EOD, 2017"
Trip_rates,Jobs,Aeropuerto Internacional de la Ciudad de Mexico,34,1.8,per person,"EOD, 2017"
Trip_rates,Pop,Pantitlan,35,2.2,per person,"EOD, 2017"
Trip_rates,Jobs,Pantitlan,35,1.8,per person,"EOD, 2017"
Trip_rates,Pop,Zaragoza,36,2.2,per person,"EOD, 2017"
Trip_rates,Jobs,Zaragoza,36,1.8,per person,"EOD, 2017"
Trip_rates,Pop,UPIICSA,37,2.2,per person,"EOD, 2017"
Trip_rates,Jobs,UPIICSA,37,1.8,per person,"EOD, 2017"
Trip_rates,Pop,Central de Abastos,38,2.2,per person,"EOD, 2017"
Trip_rates,Jobs,Central de Abastos,38,1.8,per person,"EOD, 2017"
Trip_rates,Pop,UAM Iztapalapa,39,2.2,per person,"EOD, 2017"
Trip_rates,Jobs,UAM Iztapalapa,39,1.8,per person,"EOD, 2017"
Trip_rates,Pop,Escuadron 201,40,2.2,per person,"EOD, 2017"
Trip_rates,Jobs,Escuadron 201,40,1.8,per person,"EOD, 2017"
Trip_rates,Pop,Parque Cerro de la Estrella,41,2.2,per person,"EOD, 2017"
Trip_rates,Jobs,Parque Cerro de la Estrella,41,1.8,per person,"EOD, 2017"
Trip_rates,Pop,Lomas Estrella,42,2.2,per person,"EOD, 2017"
Trip_rates,Jobs,Lomas Estrella,42,1.8,per person,"EOD, 2017"
Trip_rates,Pop,Canal Nacional,43,2.2,per person,"EOD, 2017"
Trip_rates,Jobs,Canal Nacional,43,1.8,per person,"EOD, 2017"
Trip_rates,Pop,Coapa,44,2.2,per person,"EOD, 2017"
Trip_rates,Jobs,Coapa,44,1.8,per person,"EOD, 2017"
Trip_rates,Pop,Culhuacan CTM,45,2.2,per person,"EOD, 2017"
Trip_rates,Jobs,Culhuacan CTM,45,1.8,per person,"EOD, 2017"
Trip_rates,Pop,"Campestre Churubusco, Terminal de Autobuses Taxquei±a",46,2.2,per person,"EOD, 2017"
Trip_rates,Jobs,"Campestre Churubusco, Terminal de Autobuses Taxquei±a",46,1.8,per person,"EOD, 2017"
Trip_rates,Pop,Viveros,47,2.2,per person,"EOD, 2017"
Trip_rates,Jobs,Viveros,47,1.8,per person,"EOD, 2017"
Trip_rates,Pop,Pedregal de Santo Domingo,48,2.2,per person,"EOD, 2017"
Trip_rates,Jobs,Pedregal de Santo Domingo,48,1.8,per person,"EOD, 2017"
Trip_rates,Pop,Xotepingo,49,2.2,per person,"EOD, 2017"
Trip_rates,Jobs,Xotepingo,49,1.8,per person,"EOD, 2017"
Trip_rates,Pop,Estadio Azteca,50,2.2,per person,"EOD, 2017"
Trip_rates,Jobs,Estadio Azteca,50,1.8,per person,"EOD, 2017"
Trip_rates,Pop,Ciudad Universitaria,51,2.2,per person,"EOD, 2017"
Trip_rates,Jobs,Ciudad Universitaria,51,1.8,per person,"EOD, 2017"
Trip_rates,Pop,Olivar de los Padres-San Jeronimo,52,2.2,per person,"EOD, 2017"
Trip_rates,Jobs,Olivar de los Padres-San Jeronimo,52,1.8,per person,"EOD, 2017"
Trip_rates,Pop,Las Aguilas,53,2.2,per person,"EOD, 2017"
Trip_rates,Jobs,Las Aguilas,53,1.8,per person,"EOD, 2017"
Trip_rates,Pop,Santa Lucia,54,2.2,per person,"EOD, 2017"
Trip_rates,Jobs,Santa Lucia,54,1.8,per person,"EOD, 2017"
Trip_rates,Pop,Molinos,55,2.2,per person,"EOD, 2017"
Trip_rates,Jobs,Molinos,55,1.8,per person,"EOD, 2017"
Trip_rates,Pop,Santa Fe,56,2.2,per person,"EOD, 2017"
Trip_rates,Jobs,Santa Fe,56,1.8,per person,"EOD, 2017"
Trip_rates,Pop,"Observatorio, Terminal de Autobuses Observatorio",57,2.2,per person,"EOD, 2017"
Trip_rates,Jobs,"Observatorio, Terminal de Autobuses Observatorio",57,1.8,per person,"EOD, 2017"
Trip_rates,Pop,Las Lomas,58,2.2,per person,"EOD, 2017"
Trip_rates,Jobs,Las Lomas,58,1.8,per person,"EOD, 2017"
Trip_rates,Pop,Cuajimalpa,59,2.2,per person,"EOD, 2017"
Trip_rates,Jobs,Cuajimalpa,59,1.8,per person,"EOD, 2017"
Trip_rates,Pop,San Lorenzo Acopilco,60,2.2,per person,"EOD, 2017"
Trip_rates,Jobs,San Lorenzo Acopilco,60,1.8,per person,"EOD, 2017"
Trip_rates,Pop,San Bartolo-San Mateo,61,2.2,per person,"EOD, 2017"
Trip_rates,Jobs,San Bartolo-San Mateo,61,1.8,per person,"EOD, 2017"
Trip_rates,Pop,Cerro del Judi­o,62,2.2,per person,"EOD, 2017"
Trip_rates,Jobs,Cerro del Judi­o,62,1.8,per person,"EOD, 2017"
Trip_rates,Pop,La Magdalena Contreras,63,2.2,per person,"EOD, 2017"
Trip_rates,Jobs,La Magdalena Contreras,63,1.8,per person,"EOD, 2017"
Trip_rates,Pop,Villa Oli­mpica,64,2.2,per person,"EOD, 2017"
Trip_rates,Jobs,Villa Oli­mpica,64,1.8,per person,"EOD, 2017"
Trip_rates,Pop,Padierna,65,2.2,per person,"EOD, 2017"
Trip_rates,Jobs,Padierna,65,1.8,per person,"EOD, 2017"
Trip_rates,Pop,San Pedro Martir,66,2.2,per person,"EOD, 2017"
Trip_rates,Jobs,San Pedro Martir,66,1.8,per person,"EOD, 2017"
Trip_rates,Pop,Pueblo del Ajusco,67,2.2,per person,"EOD, 2017"
Trip_rates,Jobs,Pueblo del Ajusco,67,1.8,per person,"EOD, 2017"
Trip_rates,Pop,Tepepan,68,2.2,per person,"EOD, 2017"
Trip_rates,Jobs,Tepepan,68,1.8,per person,"EOD, 2017"
Trip_rates,Pop,Noria,69,2.2,per person,"EOD, 2017"
Trip_rates,Jobs,Noria,69,1.8,per person,"EOD, 2017"
Trip_rates,Pop,Nativitas,70,2.2,per person,"EOD, 2017"
Trip_rates,Jobs,Nativitas,70,1.8,per person,"EOD, 2017"
Trip_rates,Pop,Milpa Alta,71,2.2,per person,"EOD, 2017"
Trip_rates,Jobs,Milpa Alta,71,1.8,per person,"EOD, 2017"
Trip_rates,Pop,Tulyehualco,72,2.2,per person,"EOD, 2017"
Trip_rates,Jobs,Tulyehualco,72,1.8,per person,"EOD, 2017"
Trip_rates,Pop,El Molino Tezonco,73,2.2,per person,"EOD, 2017"
Trip_rates,Jobs,El Molino Tezonco,73,1.8,per person,"EOD, 2017"
Trip_rates,Pop,Tlahuac,74,2.2,per person,"EOD, 2017"
Trip_rates,Jobs,Tlahuac,74,1.8,per person,"EOD, 2017"
Trip_rates,Pop,Mixquic,75,2.2,per person,"EOD, 2017"
Trip_rates,Jobs,Mixquic,75,1.8,per person,"EOD, 2017"
Trip_rates,Pop,Santa Catarina,76,2.2,per person,"EOD, 2017"
Trip_rates,Jobs,Santa Catarina,76,1.8,per person,"EOD, 2017"
Trip_rates,Pop,Reclusorio Oriente,77,2.2,per person,"EOD, 2017"
Trip_rates,Jobs,Reclusorio Oriente,77,1.8,per person,"EOD, 2017"
Trip_rates,Pop,Desarrollo Urbano Quetzalcoatl,78,2.2,per person,"EOD, 2017"
Trip_rates,Jobs,Desarrollo Urbano Quetzalcoatl,78,1.8,per person,"EOD, 2017"
Trip_rates,Pop,Buenavista Iztapalapa,79,2.2,per person,"EOD, 2017"
Trip_rates,Jobs,Buenavista Iztapalapa,79,1.8,per person,"EOD, 2017"
Trip_rates,Pop,Santa Mari­a de Xalpa,80,2.2,per person,"EOD, 2017"
Trip_rates,Jobs,Santa Mari­a de Xalpa,80,1.8,per person,"EOD, 2017"
Trip_rates,Pop,San Miguel Teotongo,81,2.2,per person,"EOD, 2017"
Trip_rates,Jobs,San Miguel Teotongo,81,1.8,per person,"EOD, 2017"
Trip_rates,Pop,Santa Martha Acatitla,82,2.2,per person,"EOD, 2017"
Trip_rates,Jobs,Santa Martha Acatitla,82,1.8,per person,"EOD, 2017"
Trip_rates,Pop,Juan Escutia,83,2.2,per person,"EOD, 2017"
Trip_rates,Jobs,Juan Escutia,83,1.8,per person,"EOD, 2017"
Trip_rates,Pop,Santa Cruz Meyehualco,84,2.2,per person,"EOD, 2017"
Trip_rates,Jobs,Santa Cruz Meyehualco,84,1.8,per person,"EOD, 2017"
Trip_rates,Pop,Ejercito Constitucionalista,85,2.2,per person,"EOD, 2017"
Trip_rates,Jobs,Ejercito Constitucionalista,85,1.8,per person,"EOD, 2017"
Trip_rates,Pop,Localidades Poniente Chamapa-Lecheri­a,100,2.2,per person,"EOD, 2017"
Trip_rates,Jobs,Localidades Poniente Chamapa-Lecheri­a,100,1.8,per person,"EOD, 2017"
Trip_rates,Pop,CC Interlomas-Lomas de Tecamachalco,101,2.2,per person,"EOD, 2017"
Trip_rates,Jobs,CC Interlomas-Lomas de Tecamachalco,101,1.8,per person,"EOD, 2017"
Trip_rates,Pop,Club de Golf Lomas-Campo Militar Naucalpan,102,2.2,per person,"EOD, 2017"
Trip_rates,Jobs,Club de Golf Lomas-Campo Militar Naucalpan,102,1.8,per person,"EOD, 2017"
Trip_rates,Pop,San Jose de los Leones,103,2.2,per person,"EOD, 2017"
Trip_rates,Jobs,San Jose de los Leones,103,1.8,per person,"EOD, 2017"
Trip_rates,Pop,San Rafael Chamapa,104,2.2,per person,"EOD, 2017"
Trip_rates,Jobs,San Rafael Chamapa,104,1.8,per person,"EOD, 2017"
Trip_rates,Pop,Fraccionamiento Industrial Naucalpan Poniente,105,2.2,per person,"EOD, 2017"
Trip_rates,Jobs,Fraccionamiento Industrial Naucalpan Poniente,105,1.8,per person,"EOD, 2017"
Trip_rates,Pop,Naucalpan de Juarez -Centro y Lomas,106,2.2,per person,"EOD, 2017"
Trip_rates,Jobs,Naucalpan de Juarez -Centro y Lomas,106,1.8,per person,"EOD, 2017"
Trip_rates,Pop,Las Huertas,107,2.2,per person,"EOD, 2017"
Trip_rates,Jobs,Las Huertas,107,1.8,per person,"EOD, 2017"
Trip_rates,Pop,CC Lomas Verdes-Cerro de Moctezuma,108,2.2,per person,"EOD, 2017"
Trip_rates,Jobs,CC Lomas Verdes-Cerro de Moctezuma,108,1.8,per person,"EOD, 2017"
Trip_rates,Pop,Cd Satelite Poniente,109,2.2,per person,"EOD, 2017"
Trip_rates,Jobs,Cd Satelite Poniente,109,1.8,per person,"EOD, 2017"
Trip_rates,Pop,CC Cd Satelite-Industrial Alce Blanco,110,2.2,per person,"EOD, 2017"
Trip_rates,Jobs,CC Cd Satelite-Industrial Alce Blanco,110,1.8,per person,"EOD, 2017"
Trip_rates,Pop,Condados de Atizapan-Mexico Nuevo,111,2.2,per person,"EOD, 2017"
Trip_rates,Jobs,Condados de Atizapan-Mexico Nuevo,111,1.8,per person,"EOD, 2017"
Trip_rates,Pop,Periferico Barrientos-Mundo E,112,2.2,per person,"EOD, 2017"
Trip_rates,Jobs,Periferico Barrientos-Mundo E,112,1.8,per person,"EOD, 2017"
Trip_rates,Pop,Zonas Industriales Tlalnepantla,113,2.2,per person,"EOD, 2017"
Trip_rates,Jobs,Zonas Industriales Tlalnepantla,113,1.8,per person,"EOD, 2017"
Trip_rates,Pop,Zona Industrial Tabla Honda y San Pablo Xalpa,114,2.2,per person,"EOD, 2017"
Trip_rates,Jobs,Zona Industrial Tabla Honda y San Pablo Xalpa,114,1.8,per person,"EOD, 2017"
Trip_rates,Pop,Fraccionamiento Industrial Barrientos,115,2.2,per person,"EOD, 2017"
Trip_rates,Jobs,Fraccionamiento Industrial Barrientos,115,1.8,per person,"EOD, 2017"
Trip_rates,Pop,Club de Golf Hacienda,116,2.2,per person,"EOD, 2017"
Trip_rates,Jobs,Club de Golf Hacienda,116,1.8,per person,"EOD, 2017"
Trip_rates,Pop,U.H. Adolfo Lopez Mateos-Central de Abastos Atizapan,117,2.2,per person,"EOD, 2017"
Trip_rates,Jobs,U.H. Adolfo Lopez Mateos-Central de Abastos Atizapan,117,1.8,per person,"EOD, 2017"
Trip_rates,Pop,Emiliano Zapata-Lomas de San Miguel,118,2.2,per person,"EOD, 2017"
Trip_rates,Jobs,Emiliano Zapata-Lomas de San Miguel,118,1.8,per person,"EOD, 2017"
Trip_rates,Pop,Vista Hermosa,119,2.2,per person,"EOD, 2017"
Trip_rates,Jobs,Vista Hermosa,119,1.8,per person,"EOD, 2017"
Trip_rates,Pop,Villa Nicolas Romero,120,2.2,per person,"EOD, 2017"
Trip_rates,Jobs,Villa Nicolas Romero,120,1.8,per person,"EOD, 2017"
Trip_rates,Pop,Cahuacan-Himno Nacional,121,2.2,per person,"EOD, 2017"
Trip_rates,Jobs,Cahuacan-Himno Nacional,121,1.8,per person,"EOD, 2017"
Trip_rates,Pop,Tepotzotlan-Villa del Carbon,122,2.2,per person,"EOD, 2017"
Trip_rates,Jobs,Tepotzotlan-Villa del Carbon,122,1.8,per person,"EOD, 2017"
Trip_rates,Pop,Lago de Guadalupe,123,2.2,per person,"EOD, 2017"
Trip_rates,Jobs,Lago de Guadalupe,123,1.8,per person,"EOD, 2017"
Trip_rates,Pop,Industrial Cuamatla-San Francisco Tepojaco,124,2.2,per person,"EOD, 2017"
Trip_rates,Jobs,Industrial Cuamatla-San Francisco Tepojaco,124,1.8,per person,"EOD, 2017"
Trip_rates,Pop,Industrial Tres Ri­os-INFONAVIT Norte,125,2.2,per person,"EOD, 2017"
Trip_rates,Jobs,Industrial Tres Ri­os-INFONAVIT Norte,125,1.8,per person,"EOD, 2017"
Trip_rates,Pop,Centro Urbano-CC Cuautitlan Izcalli,126,2.2,per person,"EOD, 2017"
Trip_rates,Jobs,Centro Urbano-CC Cuautitlan Izcalli,126,1.8,per person,"EOD, 2017"
Trip_rates,Pop,San Marti­n Obispo,127,2.2,per person,"EOD, 2017"
Trip_rates,Jobs,San Marti­n Obispo,127,1.8,per person,"EOD, 2017"
Trip_rates,Pop,La Quebrada-Parques Industriales,128,2.2,per person,"EOD, 2017"
Trip_rates,Jobs,La Quebrada-Parques Industriales,128,1.8,per person,"EOD, 2017"
Trip_rates,Pop,Industrial Sin Nombre-Buenavista 2a Secc,129,2.2,per person,"EOD, 2017"
Trip_rates,Jobs,Industrial Sin Nombre-Buenavista 2a Secc,129,1.8,per person,"EOD, 2017"
Trip_rates,Pop,Tultitlan -centro-,130,2.2,per person,"EOD, 2017"
Trip_rates,Jobs,Tultitlan -centro-,130,1.8,per person,"EOD, 2017"
Trip_rates,Pop,Melchor Ocampo-Joyas de Cuautitlan,131,2.2,per person,"EOD, 2017"
Trip_rates,Jobs,Melchor Ocampo-Joyas de Cuautitlan,131,1.8,per person,"EOD, 2017"
Trip_rates,Pop,Coyotepec-Teoloyucan,132,2.2,per person,"EOD, 2017"
Trip_rates,Jobs,Coyotepec-Teoloyucan,132,1.8,per person,"EOD, 2017"
Trip_rates,Pop,Huehuetoca,133,2.2,per person,"EOD, 2017"
Trip_rates,Jobs,Huehuetoca,133,1.8,per person,"EOD, 2017"
Trip_rates,Pop,Tequixquiac-Apaxco,134,2.2,per person,"EOD, 2017"
Trip_rates,Jobs,Tequixquiac-Apaxco,134,1.8,per person,"EOD, 2017"
Trip_rates,Pop,Zumpango,135,2.2,per person,"EOD, 2017"
Trip_rates,Jobs,Zumpango,135,1.8,per person,"EOD, 2017"
Trip_rates,Pop,Tultepec - cabecera-,136,2.2,per person,"EOD, 2017"
Trip_rates,Jobs,Tultepec - cabecera-,136,1.8,per person,"EOD, 2017"
Trip_rates,Pop,Central de Abastos Tultitlan-Santiago Teyahualco,137,2.2,per person,"EOD, 2017"
Trip_rates,Jobs,Central de Abastos Tultitlan-Santiago Teyahualco,137,1.8,per person,"EOD, 2017"
Trip_rates,Pop,Chilpan-Buenavista Tultitlan,138,2.2,per person,"EOD, 2017"
Trip_rates,Jobs,Chilpan-Buenavista Tultitlan,138,1.8,per person,"EOD, 2017"
Trip_rates,Pop,TAD San Juan Ixhuatepec,139,2.2,per person,"EOD, 2017"
Trip_rates,Jobs,TAD San Juan Ixhuatepec,139,1.8,per person,"EOD, 2017"
Trip_rates,Pop,Lazaro Cardenas-Lomas de Tepeolulco,140,2.2,per person,"EOD, 2017"
Trip_rates,Jobs,Lazaro Cardenas-Lomas de Tepeolulco,140,1.8,per person,"EOD, 2017"
Trip_rates,Pop,Coacalco -cabecera-,141,2.2,per person,"EOD, 2017"
Trip_rates,Jobs,Coacalco -cabecera-,141,1.8,per person,"EOD, 2017"
Trip_rates,Pop,Villa de las Flores-Heroes Coacalco,142,2.2,per person,"EOD, 2017"
Trip_rates,Jobs,Villa de las Flores-Heroes Coacalco,142,1.8,per person,"EOD, 2017"
Trip_rates,Pop,Potrero-La Laguna,143,2.2,per person,"EOD, 2017"
Trip_rates,Jobs,Potrero-La Laguna,143,1.8,per person,"EOD, 2017"
Trip_rates,Pop,Pueblo San Pablo de las Salinas,144,2.2,per person,"EOD, 2017"
Trip_rates,Jobs,Pueblo San Pablo de las Salinas,144,1.8,per person,"EOD, 2017"
Trip_rates,Pop,U.H. de San Pablo de las Salinas,145,2.2,per person,"EOD, 2017"
Trip_rates,Jobs,U.H. de San Pablo de las Salinas,145,1.8,per person,"EOD, 2017"
Trip_rates,Pop,Guadalupe Victoria-Recursos Hidraulicos,146,2.2,per person,"EOD, 2017"
Trip_rates,Jobs,Guadalupe Victoria-Recursos Hidraulicos,146,1.8,per person,"EOD, 2017"
Trip_rates,Pop,San Cristobal Ecatepec,147,2.2,per person,"EOD, 2017"
Trip_rates,Jobs,San Cristobal Ecatepec,147,1.8,per person,"EOD, 2017"
Trip_rates,Pop,La Presa-Tulpetlac,148,2.2,per person,"EOD, 2017"
Trip_rates,Jobs,La Presa-Tulpetlac,148,1.8,per person,"EOD, 2017"
Trip_rates,Pop,Teleferico Ecatepec,149,2.2,per person,"EOD, 2017"
Trip_rates,Jobs,Teleferico Ecatepec,149,1.8,per person,"EOD, 2017"
Trip_rates,Pop,Parques Industriales Ecatepec,150,2.2,per person,"EOD, 2017"
Trip_rates,Jobs,Parques Industriales Ecatepec,150,1.8,per person,"EOD, 2017"
Trip_rates,Pop,Villa de Guadalupe Xalostoc,151,2.2,per person,"EOD, 2017"
Trip_rates,Jobs,Villa de Guadalupe Xalostoc,151,1.8,per person,"EOD, 2017"
Trip_rates,Pop,Valle de Aragon,152,2.2,per person,"EOD, 2017"
Trip_rates,Jobs,Valle de Aragon,152,1.8,per person,"EOD, 2017"
Trip_rates,Pop,Bosques de Aragon,153,2.2,per person,"EOD, 2017"
Trip_rates,Jobs,Bosques de Aragon,153,1.8,per person,"EOD, 2017"
Trip_rates,Pop,Granjas Independencia,154,2.2,per person,"EOD, 2017"
Trip_rates,Jobs,Granjas Independencia,154,1.8,per person,"EOD, 2017"
Trip_rates,Pop,Valle de Aragon 3ra Secc,155,2.2,per person,"EOD, 2017"
Trip_rates,Jobs,Valle de Aragon 3ra Secc,155,1.8,per person,"EOD, 2017"
Trip_rates,Pop,CC Center Plazas-Nueva Aragon,156,2.2,per person,"EOD, 2017"
Trip_rates,Jobs,CC Center Plazas-Nueva Aragon,156,1.8,per person,"EOD, 2017"
Trip_rates,Pop,Heroes de la Independencia-San Agusti­n,157,2.2,per person,"EOD, 2017"
Trip_rates,Jobs,Heroes de la Independencia-San Agusti­n,157,1.8,per person,"EOD, 2017"
Trip_rates,Pop,La Costena-Oli­mpica Jajalpa,158,2.2,per person,"EOD, 2017"
Trip_rates,Jobs,La Costena-Oli­mpica Jajalpa,158,1.8,per person,"EOD, 2017"
Trip_rates,Pop,Jardines de Santa Clara-Super Plaza Ecatepec,159,2.2,per person,"EOD, 2017"
Trip_rates,Jobs,Jardines de Santa Clara-Super Plaza Ecatepec,159,1.8,per person,"EOD, 2017"
Trip_rates,Pop,Multiplaza Aragon-Cd Azteca,160,2.2,per person,"EOD, 2017"
Trip_rates,Jobs,Multiplaza Aragon-Cd Azteca,160,1.8,per person,"EOD, 2017"
Trip_rates,Pop,Jardines de Morelos,161,2.2,per person,"EOD, 2017"
Trip_rates,Jobs,Jardines de Morelos,161,1.8,per person,"EOD, 2017"
Trip_rates,Pop,Central de Abastos Ecatepec,162,2.2,per person,"EOD, 2017"
Trip_rates,Jobs,Central de Abastos Ecatepec,162,1.8,per person,"EOD, 2017"
Trip_rates,Pop,Heroes Tecamac y Ecatepec,163,2.2,per person,"EOD, 2017"
Trip_rates,Jobs,Heroes Tecamac y Ecatepec,163,1.8,per person,"EOD, 2017"
Trip_rates,Pop,Los Heroes Tecamac -Bosques y Jardines-,164,2.2,per person,"EOD, 2017"
Trip_rates,Jobs,Los Heroes Tecamac -Bosques y Jardines-,164,1.8,per person,"EOD, 2017"
Trip_rates,Pop,Ojo de Agua,165,2.2,per person,"EOD, 2017"
Trip_rates,Jobs,Ojo de Agua,165,1.8,per person,"EOD, 2017"
Trip_rates,Pop,Base Aerea Santa Lucia-Cuautlalpan,166,2.2,per person,"EOD, 2017"
Trip_rates,Jobs,Base Aerea Santa Lucia-Cuautlalpan,166,1.8,per person,"EOD, 2017"
Trip_rates,Pop,Tecamac -cabecera-,167,2.2,per person,"EOD, 2017"
Trip_rates,Jobs,Tecamac -cabecera-,167,1.8,per person,"EOD, 2017"
Trip_rates,Pop,Ciudad Cuauhtemoc,168,2.2,per person,"EOD, 2017"
Trip_rates,Jobs,Ciudad Cuauhtemoc,168,1.8,per person,"EOD, 2017"
Trip_rates,Pop,Termoelectrica del Valle de Mexico,169,2.2,per person,"EOD, 2017"
Trip_rates,Jobs,Termoelectrica del Valle de Mexico,169,1.8,per person,"EOD, 2017"
Trip_rates,Pop,San Salvador Atenco-Peaje Piramides,170,2.2,per person,"EOD, 2017"
Trip_rates,Jobs,San Salvador Atenco-Peaje Piramides,170,1.8,per person,"EOD, 2017"
Trip_rates,Pop,Carretera Piramides-Tulancingo,171,2.2,per person,"EOD, 2017"
Trip_rates,Jobs,Carretera Piramides-Tulancingo,171,1.8,per person,"EOD, 2017"
Trip_rates,Pop,Texcoco Norte-Tepexpan,172,2.2,per person,"EOD, 2017"
Trip_rates,Jobs,Texcoco Norte-Tepexpan,172,1.8,per person,"EOD, 2017"
Trip_rates,Pop,Nuevo AICM,173,2.2,per person,"EOD, 2017"
Trip_rates,Jobs,Nuevo AICM,173,1.8,per person,"EOD, 2017"
Trip_rates,Pop,Texcoco Centro-Chapingo,174,2.2,per person,"EOD, 2017"
Trip_rates,Jobs,Texcoco Centro-Chapingo,174,1.8,per person,"EOD, 2017"
Trip_rates,Pop,San Miguel Tlaixpan,175,2.2,per person,"EOD, 2017"
Trip_rates,Jobs,San Miguel Tlaixpan,175,1.8,per person,"EOD, 2017"
Trip_rates,Pop,El Sol,176,2.2,per person,"EOD, 2017"
Trip_rates,Jobs,El Sol,176,1.8,per person,"EOD, 2017"
Trip_rates,Pop,Juarez Pantitlan-Mercado de Carne,177,2.2,per person,"EOD, 2017"
Trip_rates,Jobs,Juarez Pantitlan-Mercado de Carne,177,1.8,per person,"EOD, 2017"
Trip_rates,Pop,Mercado Pirules,178,2.2,per person,"EOD, 2017"
Trip_rates,Jobs,Mercado Pirules,178,1.8,per person,"EOD, 2017"
Trip_rates,Pop,Ayuntamiento de Nezahualcoyotl,179,2.2,per person,"EOD, 2017"
Trip_rates,Jobs,Ayuntamiento de Nezahualcoyotl,179,1.8,per person,"EOD, 2017"
Trip_rates,Pop,Benito Juarez,180,2.2,per person,"EOD, 2017"
Trip_rates,Jobs,Benito Juarez,180,1.8,per person,"EOD, 2017"
Trip_rates,Pop,Metropolitana,181,2.2,per person,"EOD, 2017"
Trip_rates,Jobs,Metropolitana,181,1.8,per person,"EOD, 2017"
Trip_rates,Pop,La Perla,182,2.2,per person,"EOD, 2017"
Trip_rates,Jobs,La Perla,182,1.8,per person,"EOD, 2017"
Trip_rates,Pop,CC Plaza Neza,183,2.2,per person,"EOD, 2017"
Trip_rates,Jobs,CC Plaza Neza,183,1.8,per person,"EOD, 2017"
Trip_rates,Pop,Parque Industrial Izcalli,184,2.2,per person,"EOD, 2017"
Trip_rates,Jobs,Parque Industrial Izcalli,184,1.8,per person,"EOD, 2017"
Trip_rates,Pop,San Lorenzo-Xochitenco,185,2.2,per person,"EOD, 2017"
Trip_rates,Jobs,San Lorenzo-Xochitenco,185,1.8,per person,"EOD, 2017"
Trip_rates,Pop,CC Patio Chimalhuacan-Barrio La Rosita,186,2.2,per person,"EOD, 2017"
Trip_rates,Jobs,CC Patio Chimalhuacan-Barrio La Rosita,186,1.8,per person,"EOD, 2017"
Trip_rates,Pop,Barrio Labradores-Jardines Acuitlapilco,187,2.2,per person,"EOD, 2017"
Trip_rates,Jobs,Barrio Labradores-Jardines Acuitlapilco,187,1.8,per person,"EOD, 2017"
Trip_rates,Pop,Talladores-Central de Abastos Chicoloapan,188,2.2,per person,"EOD, 2017"
Trip_rates,Jobs,Talladores-Central de Abastos Chicoloapan,188,1.8,per person,"EOD, 2017"
Trip_rates,Pop,Chicoloapan de Juarez,189,2.2,per person,"EOD, 2017"
Trip_rates,Jobs,Chicoloapan de Juarez,189,1.8,per person,"EOD, 2017"
Trip_rates,Pop,Santa Mari­a Nativitas,190,2.2,per person,"EOD, 2017"
Trip_rates,Jobs,Santa Mari­a Nativitas,190,1.8,per person,"EOD, 2017"
Trip_rates,Pop,Lomas de Buena Vista-Sta Rosa,191,2.2,per person,"EOD, 2017"
Trip_rates,Jobs,Lomas de Buena Vista-Sta Rosa,191,1.8,per person,"EOD, 2017"
Trip_rates,Pop,Valle de los Reyes,192,2.2,per person,"EOD, 2017"
Trip_rates,Jobs,Valle de los Reyes,192,1.8,per person,"EOD, 2017"
Trip_rates,Pop,Metro La Paz-Los Reyes,193,2.2,per person,"EOD, 2017"
Trip_rates,Jobs,Metro La Paz-Los Reyes,193,1.8,per person,"EOD, 2017"
Trip_rates,Pop,CEDIS San Gregorio-Cerro El Elefante,194,2.2,per person,"EOD, 2017"
Trip_rates,Jobs,CEDIS San Gregorio-Cerro El Elefante,194,1.8,per person,"EOD, 2017"
Trip_rates,Pop,Geovillas de Ayotla-Union Antorchista,195,2.2,per person,"EOD, 2017"
Trip_rates,Jobs,Geovillas de Ayotla-Union Antorchista,195,1.8,per person,"EOD, 2017"
Trip_rates,Pop,Ixtapaluca centro-Acozac,196,2.2,per person,"EOD, 2017"
Trip_rates,Jobs,Ixtapaluca centro-Acozac,196,1.8,per person,"EOD, 2017"
Trip_rates,Pop,Pueblos de Ixtapaluca,197,2.2,per person,"EOD, 2017"
Trip_rates,Jobs,Pueblos de Ixtapaluca,197,1.8,per person,"EOD, 2017"
Trip_rates,Pop,CC Sendero y Galeri­as Ixtapaluca,198,2.2,per person,"EOD, 2017"
Trip_rates,Jobs,CC Sendero y Galeri­as Ixtapaluca,198,1.8,per person,"EOD, 2017"
Trip_rates,Pop,CC Sendero Valle de Chalco-Santiago,199,2.2,per person,"EOD, 2017"
Trip_rates,Jobs,CC Sendero Valle de Chalco-Santiago,199,1.8,per person,"EOD, 2017"
Trip_rates,Pop,Alfredo Baranda,200,2.2,per person,"EOD, 2017"
Trip_rates,Jobs,Alfredo Baranda,200,1.8,per person,"EOD, 2017"
Trip_rates,Pop,Xico,201,2.2,per person,"EOD, 2017"
Trip_rates,Jobs,Xico,201,1.8,per person,"EOD, 2017"
Trip_rates,Pop,San Miguel Jacalones,202,2.2,per person,"EOD, 2017"
Trip_rates,Jobs,San Miguel Jacalones,202,1.8,per person,"EOD, 2017"
Trip_rates,Pop,Chalco de Di­az Covarrubias,203,2.2,per person,"EOD, 2017"
Trip_rates,Jobs,Chalco de Di­az Covarrubias,203,1.8,per person,"EOD, 2017"
Trip_rates,Pop,San Marti­n Cuautlalpan,204,2.2,per person,"EOD, 2017"
Trip_rates,Jobs,San Marti­n Cuautlalpan,204,1.8,per person,"EOD, 2017"
Trip_rates,Pop,San Gregorio-Tlalmanalco,205,2.2,per person,"EOD, 2017"
Trip_rates,Jobs,San Gregorio-Tlalmanalco,205,1.8,per person,"EOD, 2017"
Trip_rates,Pop,Industrial Chalco-Tenango del Aire,206,2.2,per person,"EOD, 2017"
Trip_rates,Jobs,Industrial Chalco-Tenango del Aire,206,1.8,per person,"EOD, 2017"
Trip_rates,Pop,Tramo Amecameca-Cuautla,207,2.2,per person,"EOD, 2017"
Trip_rates,Jobs,Tramo Amecameca-Cuautla,207,1.8,per person,"EOD, 2017"
Trip_rates,Pop,Tizayuca,300,2.2,per person,"EOD, 2017"
Trip_rates,Jobs,Tizayuca,300,1.8,per person,"EOD, 2017"
Mode_split,Car,Centro Historico,1,0.13,per person,"EOD, 2017"
Mode_split,Bus,Centro Historico,1,0.34,per person,Based on a bus occupancy of 77
Mode_split,Car,Buenavista-Reforma,2,0.13,per person,"EOD, 2017"
Mode_split,Bus,Buenavista-Reforma,2,0.34,per person,Based on a bus occupancy of 77
Mode_split,Car,Tlatelolco,3,0.13,per person,"EOD, 2017"
Mode_split,Bus,Tlatelolco,3,0.34,per person,Based on a bus occupancy of 77
Mode_split,Car,Morelos,4,0.13,per person,"EOD, 2017"
Mode_split,Bus,Morelos,4,0.34,per person,Based on a bus occupancy of 77
Mode_split,Car,"Moctezuma, Terminal de Autobuses de Oriente (TAPO)",5,0.13,per person,"EOD, 2017"
Mode_split,Bus,"Moctezuma, Terminal de Autobuses de Oriente (TAPO)",5,0.34,per person,Based on a bus occupancy of 77
Mode_split,Car,Balbuena,6,0.13,per person,"EOD, 2017"
Mode_split,Bus,Balbuena,6,0.34,per person,Based on a bus occupancy of 77
Mode_split,Car,Obrera,7,0.13,per person,"EOD, 2017"
Mode_split,Bus,Obrera,7,0.34,per person,Based on a bus occupancy of 77
Mode_split,Car,Condesa,8,0.13,per person,"EOD, 2017"
Mode_split,Bus,Condesa,8,0.34,per person,Based on a bus occupancy of 77
Mode_split,Car,Napoles,9,0.13,per person,"EOD, 2017"
Mode_split,Bus,Napoles,9,0.34,per person,Based on a bus occupancy of 77
Mode_split,Car,Vertiz Narvarte,10,0.13,per person,"EOD, 2017"
Mode_split,Bus,Vertiz Narvarte,10,0.34,per person,Based on a bus occupancy of 77
Mode_split,Car,Reforma Iztacci­huatl,11,0.13,per person,"EOD, 2017"
Mode_split,Bus,Reforma Iztacci­huatl,11,0.34,per person,Based on a bus occupancy of 77
Mode_split,Car,Palacio de los Deportes,12,0.13,per person,"EOD, 2017"
Mode_split,Bus,Palacio de los Deportes,12,0.34,per person,Based on a bus occupancy of 77
Mode_split,Car,San Andres Tetepilco,13,0.13,per person,"EOD, 2017"
Mode_split,Bus,San Andres Tetepilco,13,0.34,per person,Based on a bus occupancy of 77
Mode_split,Car,Portales,14,0.13,per person,"EOD, 2017"
Mode_split,Bus,Portales,14,0.34,per person,Based on a bus occupancy of 77
Mode_split,Car,Del Valle,15,0.13,per person,"EOD, 2017"
Mode_split,Bus,Del Valle,15,0.34,per person,Based on a bus occupancy of 77
Mode_split,Car,Chapultepec-Polanco,16,0.13,per person,"EOD, 2017"
Mode_split,Bus,Chapultepec-Polanco,16,0.34,per person,Based on a bus occupancy of 77
Mode_split,Car,Panteones,17,0.13,per person,"EOD, 2017"
Mode_split,Bus,Panteones,17,0.34,per person,Based on a bus occupancy of 77
Mode_split,Car,Tezozomoc,18,0.13,per person,"EOD, 2017"
Mode_split,Bus,Tezozomoc,18,0.34,per person,Based on a bus occupancy of 77
Mode_split,Car,El Rosario,19,0.13,per person,"EOD, 2017"
Mode_split,Bus,El Rosario,19,0.34,per person,Based on a bus occupancy of 77
Mode_split,Car,Industrial Vallejo,20,0.13,per person,"EOD, 2017"
Mode_split,Bus,Industrial Vallejo,20,0.34,per person,Based on a bus occupancy of 77
Mode_split,Car,La Raza,21,0.13,per person,"EOD, 2017"
Mode_split,Bus,La Raza,21,0.34,per person,Based on a bus occupancy of 77
Mode_split,Car,Cuautepec,22,0.13,per person,"EOD, 2017"
Mode_split,Bus,Cuautepec,22,0.34,per person,Based on a bus occupancy of 77
Mode_split,Car,Reclusorio Norte,23,0.13,per person,"EOD, 2017"
Mode_split,Bus,Reclusorio Norte,23,0.34,per person,Based on a bus occupancy of 77
Mode_split,Car,Ticoman,24,0.13,per person,"EOD, 2017"
Mode_split,Bus,Ticoman,24,0.34,per person,Based on a bus occupancy of 77
Mode_split,Car,Nueva Industrial Vallejo,25,0.13,per person,"EOD, 2017"
Mode_split,Bus,Nueva Industrial Vallejo,25,0.34,per person,Based on a bus occupancy of 77
Mode_split,Car,"Instituto Politecnico, Terminal de Autobuses del Norte",26,0.13,per person,"EOD, 2017"
Mode_split,Bus,"Instituto Politecnico, Terminal de Autobuses del Norte",26,0.34,per person,Based on a bus occupancy of 77
Mode_split,Car,Tepeyac,27,0.13,per person,"EOD, 2017"
Mode_split,Bus,Tepeyac,27,0.34,per person,Based on a bus occupancy of 77
Mode_split,Car,La Villa,28,0.13,per person,"EOD, 2017"
Mode_split,Bus,La Villa,28,0.34,per person,Based on a bus occupancy of 77
Mode_split,Car,Nueva Atzacoalco,29,0.13,per person,"EOD, 2017"
Mode_split,Bus,Nueva Atzacoalco,29,0.34,per person,Based on a bus occupancy of 77
Mode_split,Car,San Felipe de Jesus,30,0.13,per person,"EOD, 2017"
Mode_split,Bus,San Felipe de Jesus,30,0.34,per person,Based on a bus occupancy of 77
Mode_split,Car,Deportivo los Galeana,31,0.13,per person,"EOD, 2017"
Mode_split,Bus,Deportivo los Galeana,31,0.34,per person,Based on a bus occupancy of 77
Mode_split,Car,Bondojito,32,0.13,per person,"EOD, 2017"
Mode_split,Bus,Bondojito,32,0.34,per person,Based on a bus occupancy of 77
Mode_split,Car,San Juan de Aragon,33,0.13,per person,"EOD, 2017"
Mode_split,Bus,San Juan de Aragon,33,0.34,per person,Based on a bus occupancy of 77
Mode_split,Car,Aeropuerto Internacional de la Ciudad de Mexico,34,0.13,per person,"EOD, 2017"
Mode_split,Bus,Aeropuerto Internacional de la Ciudad de Mexico,34,0.34,per person,Based on a bus occupancy of 77
Mode_split,Car,Pantitlan,35,0.13,per person,"EOD, 2017"
Mode_split,Bus,Pantitlan,35,0.34,per person,Based on a bus occupancy of 77
Mode_split,Car,Zaragoza,36,0.13,per person,"EOD, 2017"
Mode_split,Bus,Zaragoza,36,0.34,per person,Based on a bus occupancy of 77
Mode_split,Car,UPIICSA,37,0.13,per person,"EOD, 2017"
Mode_split,Bus,UPIICSA,37,0.34,per person,Based on a bus occupancy of 77
Mode_split,Car,Central de Abastos,38,0.13,per person,"EOD, 2017"
Mode_split,Bus,Central de Abastos,38,0.34,per person,Based on a bus occupancy of 77
Mode_split,Car,UAM Iztapalapa,39,0.13,per person,"EOD, 2017"
Mode_split,Bus,UAM Iztapalapa,39,0.34,per person,Based on a bus occupancy of 77
Mode_split,Car,Escuadron 201,40,0.13,per person,"EOD, 2017"
Mode_split,Bus,Escuadron 201,40,0.34,per person,Based on a bus occupancy of 77
Mode_split,Car,Parque Cerro de la Estrella,41,0.13,per person,"EOD, 2017"
Mode_split,Bus,Parque Cerro de la Estrella,41,0.34,per person,Based on a bus occupancy of 77
Mode_split,Car,Lomas Estrella,42,0.13,per person,"EOD, 2017"
Mode_split,Bus,Lomas Estrella,42,0.34,per person,Based on a bus occupancy of 77
Mode_split,Car,Canal Nacional,43,0.13,per person,"EOD, 2017"
Mode_split,Bus,Canal Nacional,43,0.34,per person,Based on a bus occupancy of 77
Mode_split,Car,Coapa,44,0.13,per person,"EOD, 2017"
Mode_split,Bus,Coapa,44,0.34,per person,Based on a bus occupancy of 77
Mode_split,Car,Culhuacan CTM,45,0.13,per person,"EOD, 2017"
Mode_split,Bus,Culhuacan CTM,45,0.34,per person,Based on a bus occupancy of 77
Mode_split,Car,"Campestre Churubusco, Terminal de Autobuses Taxquei±a",46,0.13,per person,"EOD, 2017"
Mode_split,Bus,"Campestre Churubusco, Terminal de Autobuses Taxquei±a",46,0.34,per person,Based on a bus occupancy of 77
Mode_split,Car,Viveros,47,0.13,per person,"EOD, 2017"
Mode_split,Bus,Viveros,47,0.34,per person,Based on a bus occupancy of 77
Mode_split,Car,Pedregal de Santo Domingo,48,0.13,per person,"EOD, 2017"
Mode_split,Bus,Pedregal de Santo Domingo,48,0.34,per person,Based on a bus occupancy of 77
Mode_split,Car,Xotepingo,49,0.13,per person,"EOD, 2017"
Mode_split,Bus,Xotepingo,49,0.34,per person,Based on a bus occupancy of 77
Mode_split,Car,Estadio Azteca,50,0.13,per person,"EOD, 2017"
Mode_split,Bus,Estadio Azteca,50,0.34,per person,Based on a bus occupancy of 77
Mode_split,Car,Ciudad Universitaria,51,0.13,per person,"EOD, 2017"
Mode_split,Bus,Ciudad Universitaria,51,0.34,per person,Based on a bus occupancy of 77
Mode_split,Car,Olivar de los Padres-San Jeronimo,52,0.13,per person,"EOD, 2017"
Mode_split,Bus,Olivar de los Padres-San Jeronimo,52,0.34,per person,Based on a bus occupancy of 77
Mode_split,Car,Las Aguilas,53,0.13,per person,"EOD, 2017"
Mode_split,Bus,Las Aguilas,53,0.34,per person,Based on a bus occupancy of 77
Mode_split,Car,Santa Lucia,54,0.13,per person,"EOD, 2017"
Mode_split,Bus,Santa Lucia,54,0.34,per person,Based on a bus occupancy of 77
Mode_split,Car,Molinos,55,0.13,per person,"EOD, 2017"
Mode_split,Bus,Molinos,55,0.34,per person,Based on a bus occupancy of 77
Mode_split,Car,Santa Fe,56,0.13,per person,"EOD, 2017"
Mode_split,Bus,Santa Fe,56,0.34,per person,Based on a bus occupancy of 77
Mode_split,Car,"Observatorio, Terminal de Autobuses Observatorio",57,0.13,per person,"EOD, 2017"
Mode_split,Bus,"Observatorio, Terminal de Autobuses Observatorio",57,0.34,per person,Based on a bus occupancy of 77
Mode_split,Car,Las Lomas,58,0.13,per person,"EOD, 2017"
Mode_split,Bus,Las Lomas,58,0.34,per person,Based on a bus occupancy of 77
Mode_split,Car,Cuajimalpa,59,0.13,per person,"EOD, 2017"
Mode_split,Bus,Cuajimalpa,59,0.34,per person,Based on a bus occupancy of 77
Mode_split,Car,San Lorenzo Acopilco,60,0.13,per person,"EOD, 2017"
Mode_split,Bus,San Lorenzo Acopilco,60,0.34,per person,Based on a bus occupancy of 77
Mode_split,Car,San Bartolo-San Mateo,61,0.13,per person,"EOD, 2017"
Mode_split,Bus,San Bartolo-San Mateo,61,0.34,per person,Based on a bus occupancy of 77
Mode_split,Car,Cerro del Judi­o,62,0.13,per person,"EOD, 2017"
Mode_split,Bus,Cerro del Judi­o,62,0.34,per person,Based on a bus occupancy of 77
Mode_split,Car,La Magdalena Contreras,63,0.13,per person,"EOD, 2017"
Mode_split,Bus,La Magdalena Contreras,63,0.34,per person,Based on a bus occupancy of 77
Mode_split,Car,Villa Oli­mpica,64,0.13,per person,"EOD, 2017"
Mode_split,Bus,Villa Oli­mpica,64,0.34,per person,Based on a bus occupancy of 77
Mode_split,Car,Padierna,65,0.13,per person,"EOD, 2017"
Mode_split,Bus,Padierna,65,0.34,per person,Based on a bus occupancy of 77
Mode_split,Car,San Pedro Martir,66,0.13,per person,"EOD, 2017"
Mode_split,Bus,San Pedro Martir,66,0.34,per person,Based on a bus occupancy of 77
Mode_split,Car,Pueblo del Ajusco,67,0.13,per person,"EOD, 2017"
Mode_split,Bus,Pueblo del Ajusco,67,0.34,per person,Based on a bus occupancy of 77
Mode_split,Car,Tepepan,68,0.13,per person,"EOD, 2017"
Mode_split,Bus,Tepepan,68,0.34,per person,Based on a bus occupancy of 77
Mode_split,Car,Noria,69,0.13,per person,"EOD, 2017"
Mode_split,Bus,Noria,69,0.34,per person,Based on a bus occupancy of 77
Mode_split,Car,Nativitas,70,0.13,per person,"EOD, 2017"
Mode_split,Bus,Nativitas,70,0.34,per person,Based on a bus occupancy of 77
Mode_split,Car,Milpa Alta,71,0.13,per person,"EOD, 2017"
Mode_split,Bus,Milpa Alta,71,0.34,per person,Based on a bus occupancy of 77
Mode_split,Car,Tulyehualco,72,0.13,per person,"EOD, 2017"
Mode_split,Bus,Tulyehualco,72,0.34,per person,Based on a bus occupancy of 77
Mode_split,Car,El Molino Tezonco,73,0.13,per person,"EOD, 2017"
Mode_split,Bus,El Molino Tezonco,73,0.34,per person,Based on a bus occupancy of 77
Mode_split,Car,Tlahuac,74,0.13,per person,"EOD, 2017"
Mode_split,Bus,Tlahuac,74,0.34,per person,Based on a bus occupancy of 77
Mode_split,Car,Mixquic,75,0.13,per person,"EOD, 2017"
Mode_split,Bus,Mixquic,75,0.34,per person,Based on a bus occupancy of 77
Mode_split,Car,Santa Catarina,76,0.13,per person,"EOD, 2017"
Mode_split,Bus,Santa Catarina,76,0.34,per person,Based on a bus occupancy of 77
Mode_split,Car,Reclusorio Oriente,77,0.13,per person,"EOD, 2017"
Mode_split,Bus,Reclusorio Oriente,77,0.34,per person,Based on a bus occupancy of 77
Mode_split,Car,Desarrollo Urbano Quetzalcoatl,78,0.13,per person,"EOD, 2017"
Mode_split,Bus,Desarrollo Urbano Quetzalcoatl,78,0.34,per person,Based on a bus occupancy of 77
Mode_split,Car,Buenavista Iztapalapa,79,0.13,per person,"EOD, 2017"
Mode_split,Bus,Buenavista Iztapalapa,79,0.34,per person,Based on a bus occupancy of 77
Mode_split,Car,Santa Mari­a de Xalpa,80,0.13,per person,"EOD, 2017"
Mode_split,Bus,Santa Mari­a de Xalpa,80,0.34,per person,Based on a bus occupancy of 77
Mode_split,Car,San Miguel Teotongo,81,0.13,per person,"EOD, 2017"
Mode_split,Bus,San Miguel Teotongo,81,0.34,per person,Based on a bus occupancy of 77
Mode_split,Car,Santa Martha Acatitla,82,0.13,per person,"EOD, 2017"
Mode_split,Bus,Santa Martha Acatitla,82,0.34,per person,Based on a bus occupancy of 77
Mode_split,Car,Juan Escutia,83,0.13,per person,"EOD, 2017"
Mode_split,Bus,Juan Escutia,83,0.34,per person,Based on a bus occupancy of 77
Mode_split,Car,Santa Cruz Meyehualco,84,0.13,per person,"EOD, 2017"
Mode_split,Bus,Santa Cruz Meyehualco,84,0.34,per person,Based on a bus occupancy of 77
Mode_split,Car,Ejercito Constitucionalista,85,0.13,per person,"EOD, 2017"
Mode_split,Bus,Ejercito Constitucionalista,85,0.34,per person,Based on a bus occupancy of 77
Mode_split,Car,Localidades Poniente Chamapa-Lecheri­a,100,0.13,per person,"EOD, 2017"
Mode_split,Bus,Localidades Poniente Chamapa-Lecheri­a,100,0.34,per person,Based on a bus occupancy of 77
Mode_split,Car,CC Interlomas-Lomas de Tecamachalco,101,0.13,per person,"EOD, 2017"
Mode_split,Bus,CC Interlomas-Lomas de Tecamachalco,101,0.34,per person,Based on a bus occupancy of 77
Mode_split,Car,Club de Golf Lomas-Campo Militar Naucalpan,102,0.13,per person,"EOD, 2017"
Mode_split,Bus,Club de Golf Lomas-Campo Militar Naucalpan,102,0.34,per person,Based on a bus occupancy of 77
Mode_split,Car,San Jose de los Leones,103,0.13,per person,"EOD, 2017"
Mode_split,Bus,San Jose de los Leones,103,0.34,per person,Based on a bus occupancy of 77
Mode_split,Car,San Rafael Chamapa,104,0.13,per person,"EOD, 2017"
Mode_split,Bus,San Rafael Chamapa,104,0.34,per person,Based on a bus occupancy of 77
Mode_split,Car,Fraccionamiento Industrial Naucalpan Poniente,105,0.13,per person,"EOD, 2017"
Mode_split,Bus,Fraccionamiento Industrial Naucalpan Poniente,105,0.34,per person,Based on a bus occupancy of 77
Mode_split,Car,Naucalpan de Juarez -Centro y Lomas,106,0.13,per person,"EOD, 2017"
Mode_split,Bus,Naucalpan de Juarez -Centro y Lomas,106,0.34,per person,Based on a bus occupancy of 77
Mode_split,Car,Las Huertas,107,0.13,per person,"EOD, 2017"
Mode_split,Bus,Las Huertas,107,0.34,per person,Based on a bus occupancy of 77
Mode_split,Car,CC Lomas Verdes-Cerro de Moctezuma,108,0.13,per person,"EOD, 2017"
Mode_split,Bus,CC Lomas Verdes-Cerro de Moctezuma,108,0.34,per person,Based on a bus occupancy of 77
Mode_split,Car,Cd Satelite Poniente,109,0.13,per person,"EOD, 2017"
Mode_split,Bus,Cd Satelite Poniente,109,0.34,per person,Based on a bus occupancy of 77
Mode_split,Car,CC Cd Satelite-Industrial Alce Blanco,110,0.13,per person,"EOD, 2017"
Mode_split,Bus,CC Cd Satelite-Industrial Alce Blanco,110,0.34,per person,Based on a bus occupancy of 77
Mode_split,Car,Condados de Atizapan-Mexico Nuevo,111,0.13,per person,"EOD, 2017"
Mode_split,Bus,Condados de Atizapan-Mexico Nuevo,111,0.34,per person,Based on a bus occupancy of 77
Mode_split,Car,Periferico Barrientos-Mundo E,112,0.13,per person,"EOD, 2017"
Mode_split,Bus,Periferico Barrientos-Mundo E,112,0.34,per person,Based on a bus occupancy of 77
Mode_split,Car,Zonas Industriales Tlalnepantla,113,0.13,per person,"EOD, 2017"
Mode_split,Bus,Zonas Industriales Tlalnepantla,113,0.34,per person,Based on a bus occupancy of 77
Mode_split,Car,Zona Industrial Tabla Honda y San Pablo Xalpa,114,0.13,per person,"EOD, 2017"
Mode_split,Bus,Zona Industrial Tabla Honda y San Pablo Xalpa,114,0.34,per person,Based on a bus occupancy of 77
Mode_split,Car,Fraccionamiento Industrial Barrientos,115,0.13,per person,"EOD, 2017"
Mode_split,Bus,Fraccionamiento Industrial Barrientos,115,0.34,per person,Based on a bus occupancy of 77
Mode_split,Car,Club de Golf Hacienda,116,0.13,per person,"EOD, 2017"
Mode_split,Bus,Club de Golf Hacienda,116,0.34,per person,Based on a bus occupancy of 77
Mode_split,Car,U.H. Adolfo Lopez Mateos-Central de Abastos Atizapan,117,0.13,per person,"EOD, 2017"
Mode_split,Bus,U.H. Adolfo Lopez Mateos-Central de Abastos Atizapan,117,0.34,per person,Based on a bus occupancy of 77
Mode_split,Car,Emiliano Zapata-Lomas de San Miguel,118,0.13,per person,"EOD, 2017"
Mode_split,Bus,Emiliano Zapata-Lomas de San Miguel,118,0.34,per person,Based on a bus occupancy of 77
Mode_split,Car,Vista Hermosa,119,0.13,per person,"EOD, 2017"
Mode_split,Bus,Vista Hermosa,119,0.34,per person,Based on a bus occupancy of 77
Mode_split,Car,Villa Nicolas Romero,120,0.13,per person,"EOD, 2017"
Mode_split,Bus,Villa Nicolas Romero,120,0.34,per person,Based on a bus occupancy of 77
Mode_split,Car,Cahuacan-Himno Nacional,121,0.13,per person,"EOD, 2017"
Mode_split,Bus,Cahuacan-Himno Nacional,121,0.34,per person,Based on a bus occupancy of 77
Mode_split,Car,Tepotzotlan-Villa del Carbon,122,0.13,per person,"EOD, 2017"
Mode_split,Bus,Tepotzotlan-Villa del Carbon,122,0.34,per person,Based on a bus occupancy of 77
Mode_split,Car,Lago de Guadalupe,123,0.13,per person,"EOD, 2017"
Mode_split,Bus,Lago de Guadalupe,123,0.34,per person,Based on a bus occupancy of 77
Mode_split,Car,Industrial Cuamatla-San Francisco Tepojaco,124,0.13,per person,"EOD, 2017"
Mode_split,Bus,Industrial Cuamatla-San Francisco Tepojaco,124,0.34,per person,Based on a bus occupancy of 77
Mode_split,Car,Industrial Tres Ri­os-INFONAVIT Norte,125,0.13,per person,"EOD, 2017"
Mode_split,Bus,Industrial Tres Ri­os-INFONAVIT Norte,125,0.34,per person,Based on a bus occupancy of 77
Mode_split,Car,Centro Urbano-CC Cuautitlan Izcalli,126,0.13,per person,"EOD, 2017"
Mode_split,Bus,Centro Urbano-CC Cuautitlan Izcalli,126,0.34,per person,Based on a bus occupancy of 77
Mode_split,Car,San Marti­n Obispo,127,0.13,per person,"EOD, 2017"
Mode_split,Bus,San Marti­n Obispo,127,0.34,per person,Based on a bus occupancy of 77
Mode_split,Car,La Quebrada-Parques Industriales,128,0.13,per person,"EOD, 2017"
Mode_split,Bus,La Quebrada-Parques Industriales,128,0.34,per person,Based on a bus occupancy of 77
Mode_split,Car,Industrial Sin Nombre-Buenavista 2a Secc,129,0.13,per person,"EOD, 2017"
Mode_split,Bus,Industrial Sin Nombre-Buenavista 2a Secc,129,0.34,per person,Based on a bus occupancy of 77
Mode_split,Car,Tultitlan -centro-,130,0.13,per person,"EOD, 2017"
Mode_split,Bus,Tultitlan -centro-,130,0.34,per person,Based on a bus occupancy of 77
Mode_split,Car,Melchor Ocampo-Joyas de Cuautitlan,131,0.13,per person,"EOD, 2017"
Mode_split,Bus,Melchor Ocampo-Joyas de Cuautitlan,131,0.34,per person,Based on a bus occupancy of 77
Mode_split,Car,Coyotepec-Teoloyucan,132,0.13,per person,"EOD, 2017"
Mode_split,Bus,Coyotepec-Teoloyucan,132,0.34,per person,Based on a bus occupancy of 77
Mode_split,Car,Huehuetoca,133,0.13,per person,"EOD, 2017"
Mode_split,Bus,Huehuetoca,133,0.34,per person,Based on a bus occupancy of 77
Mode_split,Car,Tequixquiac-Apaxco,134,0.13,per person,"EOD, 2017"
Mode_split,Bus,Tequixquiac-Apaxco,134,0.34,per person,Based on a bus occupancy of 77
Mode_split,Car,Zumpango,135,0.13,per person,"EOD, 2017"
Mode_split,Bus,Zumpango,135,0.34,per person,Based on a bus occupancy of 77
Mode_split,Car,Tultepec - cabecera-,136,0.13,per person,"EOD, 2017"
Mode_split,Bus,Tultepec - cabecera-,136,0.34,per person,Based on a bus occupancy of 77
Mode_split,Car,Central de Abastos Tultitlan-Santiago Teyahualco,137,0.13,per person,"EOD, 2017"
Mode_split,Bus,Central de Abastos Tultitlan-Santiago Teyahualco,137,0.34,per person,Based on a bus occupancy of 77
Mode_split,Car,Chilpan-Buenavista Tultitlan,138,0.13,per person,"EOD, 2017"
Mode_split,Bus,Chilpan-Buenavista Tultitlan,138,0.34,per person,Based on a bus occupancy of 77
Mode_split,Car,TAD San Juan Ixhuatepec,139,0.13,per person,"EOD, 2017"
Mode_split,Bus,TAD San Juan Ixhuatepec,139,0.34,per person,Based on a bus occupancy of 77
Mode_split,Car,Lazaro Cardenas-Lomas de Tepeolulco,140,0.13,per person,"EOD, 2017"
Mode_split,Bus,Lazaro Cardenas-Lomas de Tepeolulco,140,0.34,per person,Based on a bus occupancy of 77
Mode_split,Car,Coacalco -cabecera-,141,0.13,per person,"EOD, 2017"
Mode_split,Bus,Coacalco -cabecera-,141,0.34,per person,Based on a bus occupancy of 77
Mode_split,Car,Villa de las Flores-Heroes Coacalco,142,0.13,per person,"EOD, 2017"
Mode_split,Bus,Villa de las Flores-Heroes Coacalco,142,0.34,per person,Based on a bus occupancy of 77
Mode_split,Car,Potrero-La Laguna,143,0.13,per person,"EOD, 2017"
Mode_split,Bus,Potrero-La Laguna,143,0.34,per person,Based on a bus occupancy of 77
Mode_split,Car,Pueblo San Pablo de las Salinas,144,0.13,per person,"EOD, 2017"
Mode_split,Bus,Pueblo San Pablo de las Salinas,144,0.34,per person,Based on a bus occupancy of 77
Mode_split,Car,U.H. de San Pablo de las Salinas,145,0.13,per person,"EOD, 2017"
Mode_split,Bus,U.H. de San Pablo de las Salinas,145,0.34,per person,Based on a bus occupancy of 77
Mode_split,Car,Guadalupe Victoria-Recursos Hidraulicos,146,0.13,per person,"EOD, 2017"
Mode_split,Bus,Guadalupe Victoria-Recursos Hidraulicos,146,0.34,per person,Based on a bus occupancy of 77
Mode_split,Car,San Cristobal Ecatepec,147,0.13,per person,"EOD, 2017"
Mode_split,Bus,San Cristobal Ecatepec,147,0.34,per person,Based on a bus occupancy of 77
Mode_split,Car,La Presa-Tulpetlac,148,0.13,per person,"EOD, 2017"
Mode_split,Bus,La Presa-Tulpetlac,148,0.34,per person,Based on a bus occupancy of 77
Mode_split,Car,Teleferico Ecatepec,149,0.13,per person,"EOD, 2017"
Mode_split,Bus,Teleferico Ecatepec,149,0.34,per person,Based on a bus occupancy of 77
Mode_split,Car,Parques Industriales Ecatepec,150,0.13,per person,"EOD, 2017"
Mode_split,Bus,Parques Industriales Ecatepec,150,0.34,per person,Based on a bus occupancy of 77
Mode_split,Car,Villa de Guadalupe Xalostoc,151,0.13,per person,"EOD, 2017"
Mode_split,Bus,Villa de Guadalupe Xalostoc,151,0.34,per person,Based on a bus occupancy of 77
Mode_split,Car,Valle de Aragon,152,0.13,per person,"EOD, 2017"
Mode_split,Bus,Valle de Aragon,152,0.34,per person,Based on a bus occupancy of 77
Mode_split,Car,Bosques de Aragon,153,0.13,per person,"EOD, 2017"
Mode_split,Bus,Bosques de Aragon,153,0.34,per person,Based on a bus occupancy of 77
Mode_split,Car,Granjas Independencia,154,0.13,per person,"EOD, 2017"
Mode_split,Bus,Granjas Independencia,154,0.34,per person,Based on a bus occupancy of 77
Mode_split,Car,Valle de Aragon 3ra Secc,155,0.13,per person,"EOD, 2017"
Mode_split,Bus,Valle de Aragon 3ra Secc,155,0.34,per person,Based on a bus occupancy of 77
Mode_split,Car,CC Center Plazas-Nueva Aragon,156,0.13,per person,"EOD, 2017"
Mode_split,Bus,CC Center Plazas-Nueva Aragon,156,0.34,per person,Based on a bus occupancy of 77
Mode_split,Car,Heroes de la Independencia-San Agusti­n,157,0.13,per person,"EOD, 2017"
Mode_split,Bus,Heroes de la Independencia-San Agusti­n,157,0.34,per person,Based on a bus occupancy of 77
Mode_split,Car,La Costena-Oli­mpica Jajalpa,158,0.13,per person,"EOD, 2017"
Mode_split,Bus,La Costena-Oli­mpica Jajalpa,158,0.34,per person,Based on a bus occupancy of 77
Mode_split,Car,Jardines de Santa Clara-Super Plaza Ecatepec,159,0.13,per person,"EOD, 2017"
Mode_split,Bus,Jardines de Santa Clara-Super Plaza Ecatepec,159,0.34,per person,Based on a bus occupancy of 77
Mode_split,Car,Multiplaza Aragon-Cd Azteca,160,0.13,per person,"EOD, 2017"
Mode_split,Bus,Multiplaza Aragon-Cd Azteca,160,0.34,per person,Based on a bus occupancy of 77
Mode_split,Car,Jardines de Morelos,161,0.13,per person,"EOD, 2017"
Mode_split,Bus,Jardines de Morelos,161,0.34,per person,Based on a bus occupancy of 77
Mode_split,Car,Central de Abastos Ecatepec,162,0.13,per person,"EOD, 2017"
Mode_split,Bus,Central de Abastos Ecatepec,162,0.34,per person,Based on a bus occupancy of 77
Mode_split,Car,Heroes Tecamac y Ecatepec,163,0.13,per person,"EOD, 2017"
Mode_split,Bus,Heroes Tecamac y Ecatepec,163,0.34,per person,Based on a bus occupancy of 77
Mode_split,Car,Los Heroes Tecamac -Bosques y Jardines-,164,0.13,per person,"EOD, 2017"
Mode_split,Bus,Los Heroes Tecamac -Bosques y Jardines-,164,0.34,per person,Based on a bus occupancy of 77
Mode_split,Car,Ojo de Agua,165,0.13,per person,"EOD, 2017"
Mode_split,Bus,Ojo de Agua,165,0.34,per person,Based on a bus occupancy of 77
Mode_split,Car,Base Aerea Santa Lucia-Cuautlalpan,166,0.13,per person,"EOD, 2017"
Mode_split,Bus,Base Aerea Santa Lucia-Cuautlalpan,166,0.34,per person,Based on a bus occupancy of 77
Mode_split,Car,Tecamac -cabecera-,167,0.13,per person,"EOD, 2017"
Mode_split,Bus,Tecamac -cabecera-,167,0.34,per person,Based on a bus occupancy of 77
Mode_split,Car,Ciudad Cuauhtemoc,168,0.13,per person,"EOD, 2017"
Mode_split,Bus,Ciudad Cuauhtemoc,168,0.34,per person,Based on a bus occupancy of 77
Mode_split,Car,Termoelectrica del Valle de Mexico,169,0.13,per person,"EOD, 2017"
Mode_split,Bus,Termoelectrica del Valle de Mexico,169,0.34,per person,Based on a bus occupancy of 77
Mode_split,Car,San Salvador Atenco-Peaje Piramides,170,0.13,per person,"EOD, 2017"
Mode_split,Bus,San Salvador Atenco-Peaje Piramides,170,0.34,per person,Based on a bus occupancy of 77
Mode_split,Car,Carretera Piramides-Tulancingo,171,0.13,per person,"EOD, 2017"
Mode_split,Bus,Carretera Piramides-Tulancingo,171,0.34,per person,Based on a bus occupancy of 77
Mode_split,Car,Texcoco Norte-Tepexpan,172,0.13,per person,"EOD, 2017"
Mode_split,Bus,Texcoco Norte-Tepexpan,172,0.34,per person,Based on a bus occupancy of 77
Mode_split,Car,Nuevo AICM,173,0.13,per person,"EOD, 2017"
Mode_split,Bus,Nuevo AICM,173,0.34,per person,Based on a bus occupancy of 77
Mode_split,Car,Texcoco Centro-Chapingo,174,0.13,per person,"EOD, 2017"
Mode_split,Bus,Texcoco Centro-Chapingo,174,0.34,per person,Based on a bus occupancy of 77
Mode_split,Car,San Miguel Tlaixpan,175,0.13,per person,"EOD, 2017"
Mode_split,Bus,San Miguel Tlaixpan,175,0.34,per person,Based on a bus occupancy of 77
Mode_split,Car,El Sol,176,0.13,per person,"EOD, 2017"
Mode_split,Bus,El Sol,176,0.34,per person,Based on a bus occupancy of 77
Mode_split,Car,Juarez Pantitlan-Mercado de Carne,177,0.13,per person,"EOD, 2017"
Mode_split,Bus,Juarez Pantitlan-Mercado de Carne,177,0.34,per person,Based on a bus occupancy of 77
Mode_split,Car,Mercado Pirules,178,0.13,per person,"EOD, 2017"
Mode_split,Bus,Mercado Pirules,178,0.34,per person,Based on a bus occupancy of 77
Mode_split,Car,Ayuntamiento de Nezahualcoyotl,179,0.13,per person,"EOD, 2017"
Mode_split,Bus,Ayuntamiento de Nezahualcoyotl,179,0.34,per person,Based on a bus occupancy of 77
Mode_split,Car,Benito Juarez,180,0.13,per person,"EOD, 2017"
Mode_split,Bus,Benito Juarez,180,0.34,per person,Based on a bus occupancy of 77
Mode_split,Car,Metropolitana,181,0.13,per person,"EOD, 2017"
Mode_split,Bus,Metropolitana,181,0.34,per person,Based on a bus occupancy of 77
Mode_split,Car,La Perla,182,0.13,per person,"EOD, 2017"
Mode_split,Bus,La Perla,182,0.34,per person,Based on a bus occupancy of 77
Mode_split,Car,CC Plaza Neza,183,0.13,per person,"EOD, 2017"
Mode_split,Bus,CC Plaza Neza,183,0.34,per person,Based on a bus occupancy of 77
Mode_split,Car,Parque Industrial Izcalli,184,0.13,per person,"EOD, 2017"
Mode_split,Bus,Parque Industrial Izcalli,184,0.34,per person,Based on a bus occupancy of 77
Mode_split,Car,San Lorenzo-Xochitenco,185,0.13,per person,"EOD, 2017"
Mode_split,Bus,San Lorenzo-Xochitenco,185,0.34,per person,Based on a bus occupancy of 77
Mode_split,Car,CC Patio Chimalhuacan-Barrio La Rosita,186,0.13,per person,"EOD, 2017"
Mode_split,Bus,CC Patio Chimalhuacan-Barrio La Rosita,186,0.34,per person,Based on a bus occupancy of 77
Mode_split,Car,Barrio Labradores-Jardines Acuitlapilco,187,0.13,per person,"EOD, 2017"
Mode_split,Bus,Barrio Labradores-Jardines Acuitlapilco,187,0.34,per person,Based on a bus occupancy of 77
Mode_split,Car,Talladores-Central de Abastos Chicoloapan,188,0.13,per person,"EOD, 2017"
Mode_split,Bus,Talladores-Central de Abastos Chicoloapan,188,0.34,per person,Based on a bus occupancy of 77
Mode_split,Car,Chicoloapan de Juarez,189,0.13,per person,"EOD, 2017"
Mode_split,Bus,Chicoloapan de Juarez,189,0.34,per person,Based on a bus occupancy of 77
Mode_split,Car,Santa Mari­a Nativitas,190,0.13,per person,"EOD, 2017"
Mode_split,Bus,Santa Mari­a Nativitas,190,0.34,per person,Based on a bus occupancy of 77
Mode_split,Car,Lomas de Buena Vista-Sta Rosa,191,0.13,per person,"EOD, 2017"
Mode_split,Bus,Lomas de Buena Vista-Sta Rosa,191,0.34,per person,Based on a bus occupancy of 77
Mode_split,Car,Valle de los Reyes,192,0.13,per person,"EOD, 2017"
Mode_split,Bus,Valle de los Reyes,192,0.34,per person,Based on a bus occupancy of 77
Mode_split,Car,Metro La Paz-Los Reyes,193,0.13,per person,"EOD, 2017"
Mode_split,Bus,Metro La Paz-Los Reyes,193,0.34,per person,Based on a bus occupancy of 77
Mode_split,Car,CEDIS San Gregorio-Cerro El Elefante,194,0.13,per person,"EOD, 2017"
Mode_split,Bus,CEDIS San Gregorio-Cerro El Elefante,194,0.34,per person,Based on a bus occupancy of 77
Mode_split,Car,Geovillas de Ayotla-Union Antorchista,195,0.13,per person,"EOD, 2017"
Mode_split,Bus,Geovillas de Ayotla-Union Antorchista,195,0.34,per person,Based on a bus occupancy of 77
Mode_split,Car,Ixtapaluca centro-Acozac,196,0.13,per person,"EOD, 2017"
Mode_split,Bus,Ixtapaluca centro-Acozac,196,0.34,per person,Based on a bus occupancy of 77
Mode_split,Car,Pueblos de Ixtapaluca,197,0.13,per person,"EOD, 2017"
Mode_split,Bus,Pueblos de Ixtapaluca,197,0.34,per person,Based on a bus occupancy of 77
Mode_split,Car,CC Sendero y Galeri­as Ixtapaluca,198,0.13,per person,"EOD, 2017"
Mode_split,Bus,CC Sendero y Galeri­as Ixtapaluca,198,0.34,per person,Based on a bus occupancy of 77
Mode_split,Car,CC Sendero Valle de Chalco-Santiago,199,0.13,per person,"EOD, 2017"
Mode_split,Bus,CC Sendero Valle de Chalco-Santiago,199,0.34,per person,Based on a bus occupancy of 77
Mode_split,Car,Alfredo Baranda,200,0.13,per person,"EOD, 2017"
Mode_split,Bus,Alfredo Baranda,200,0.34,per person,Based on a bus occupancy of 77
Mode_split,Car,Xico,201,0.13,per person,"EOD, 2017"
Mode_split,Bus,Xico,201,0.34,per person,Based on a bus occupancy of 77
Mode_split,Car,San Miguel Jacalones,202,0.13,per person,"EOD, 2017"
Mode_split,Bus,San Miguel Jacalones,202,0.34,per person,Based on a bus occupancy of 77
Mode_split,Car,Chalco de Di­az Covarrubias,203,0.13,per person,"EOD, 2017"
Mode_split,Bus,Chalco de Di­az Covarrubias,203,0.34,per person,Based on a bus occupancy of 77
Mode_split,Car,San Marti­n Cuautlalpan,204,0.13,per person,"EOD, 2017"
Mode_split,Bus,San Marti­n Cuautlalpan,204,0.34,per person,Based on a bus occupancy of 77
Mode_split,Car,San Gregorio-Tlalmanalco,205,0.13,per person,"EOD, 2017"
Mode_split,Bus,San Gregorio-Tlalmanalco,205,0.34,per person,Based on a bus occupancy of 77
Mode_split,Car,Industrial Chalco-Tenango del Aire,206,0.13,per person,"EOD, 2017"
Mode_split,Bus,Industrial Chalco-Tenango del Aire,206,0.34,per person,Based on a bus occupancy of 77
Mode_split,Car,Tramo Amecameca-Cuautla,207,0.13,per person,"EOD, 2017"
Mode_split,Bus,Tramo Amecameca-Cuautla,207,0.34,per person,Based on a bus occupancy of 77
Mode_split,Car,Tizayuca,300,0.13,per person,"EOD, 2017"
Mode_split,Bus,Tizayuca,300,0.34,per person,Based on a bus occupancy of 77
